restorer,detector,category,family,severity,n_pixel_images,pix_auroc_clean,pix_auroc_degraded,pix_auroc_method,pix_gap_closed
identity,padim,carpet,defocus,2,16,0.9805406564110745,0.994832588250716,0.994832588250716,-0.0
wiener,padim,carpet,defocus,2,16,0.9805406564110745,0.994832588250716,0.922537077763413,5.058484136257708
restormer_deblur,padim,carpet,defocus,2,16,0.9805406564110745,0.994832588250716,0.9929941110364411,0.12863741829327088
divide_lpres_on,padim,carpet,defocus,2,16,0.9805406564110745,0.994832588250716,0.9720420685003578,1.594642348289414
divide_lpres_off,padim,carpet,defocus,2,16,0.9805406564110745,0.994832588250716,0.9759765692660755,1.3193471110979977
identity,padim,carpet,defocus,3,16,0.9805406564110745,0.9632725154012816,0.9632725154012816,0.0
wiener,padim,carpet,defocus,3,16,0.9805406564110745,0.9632725154012816,0.9257547704223824,-2.1726568573665532
restormer_deblur,padim,carpet,defocus,3,16,0.9805406564110745,0.9632725154012816,0.9921462411601166,1.6720807261453645
divide_lpres_on,padim,carpet,defocus,3,16,0.9805406564110745,0.9632725154012816,0.9638154687882428,0.03144249208141656
divide_lpres_off,padim,carpet,defocus,3,16,0.9805406564110745,0.9632725154012816,0.9837554878011248,1.1861712495993137
identity,padim,carpet,defocus,4,16,0.9805406564110745,0.9305159363989463,0.9305159363989463,0.0
wiener,padim,carpet,defocus,4,16,0.9805406564110745,0.9305159363989463,0.892824686766251,-0.7534524855622816
restormer_deblur,padim,carpet,defocus,4,16,0.9805406564110745,0.9305159363989463,0.9764539392142515,0.9183060455744247
divide_lpres_on,padim,carpet,defocus,4,16,0.9805406564110745,0.9305159363989463,0.9511542865225091,0.41256303120855453
divide_lpres_off,padim,carpet,defocus,4,16,0.9805406564110745,0.9305159363989463,0.9873143440989581,1.1354068085986573
identity,padim,carpet,motion,2,16,0.9805406564110745,0.9377953390266757,0.9377953390266757,0.0
wiener,padim,carpet,motion,2,16,0.9805406564110745,0.9377953390266757,0.9121325846904654,-0.6003641078490772
restormer_deblur,padim,carpet,motion,2,16,0.9805406564110745,0.9377953390266757,0.9562226455486,0.43109532574555115
divide_lpres_on,padim,carpet,motion,2,16,0.9805406564110745,0.9377953390266757,0.9332307337042495,-0.1067860903073371
divide_lpres_off,padim,carpet,motion,2,16,0.9805406564110745,0.9377953390266757,0.9670283802797327,0.683888740143652
identity,padim,carpet,motion,3,16,0.9805406564110745,0.8882004396552748,0.8882004396552748,0.0
wiener,padim,carpet,motion,3,16,0.9805406564110745,0.8882004396552748,0.8874146976917611,-0.00850920640127721
restormer_deblur,padim,carpet,motion,3,16,0.9805406564110745,0.8882004396552748,0.9509512464072565,0.6795609644054733
divide_lpres_on,padim,carpet,motion,3,16,0.9805406564110745,0.8882004396552748,0.9189244421032166,0.3327261244057241
divide_lpres_off,padim,carpet,motion,3,16,0.9805406564110745,0.8882004396552748,0.9618532872106109,0.7976248068608758
identity,padim,carpet,motion,4,16,0.9805406564110745,0.8492931952523054,0.8492931952523054,0.0
wiener,padim,carpet,motion,4,16,0.9805406564110745,0.8492931952523054,0.8138766399153669,-0.2698456413880297
restormer_deblur,padim,carpet,motion,4,16,0.9805406564110745,0.8492931952523054,0.9141662934661802,0.49428078563286093
divide_lpres_on,padim,carpet,motion,4,16,0.9805406564110745,0.8492931952523054,0.8532491824158744,0.03014143762204675
divide_lpres_off,padim,carpet,motion,4,16,0.9805406564110745,0.8492931952523054,0.9166787282020725,0.5134235158137753
identity,padim,carpet,noise,2,16,0.9805406564110745,0.9454470398073939,0.9454470398073939,0.0
wiener,padim,carpet,noise,2,16,0.9805406564110745,0.9454470398073939,0.8917364109018505,-1.5304956884925391
restormer_deblur,padim,carpet,noise,2,16,0.9805406564110745,0.9454470398073939,0.9434348047751568,-0.05733906125896348
divide_lpres_on,padim,carpet,noise,2,16,0.9805406564110745,0.9454470398073939,0.8911291051932726,-1.547800992629082
divide_lpres_off,padim,carpet,noise,2,16,0.9805406564110745,0.9454470398073939,0.8836055190552036,-1.7621871649929746
identity,padim,carpet,noise,3,16,0.9805406564110745,0.9265593294394951,0.9265593294394951,0.0
wiener,padim,carpet,noise,3,16,0.9805406564110745,0.9265593294394951,0.8300044892579224,-1.7886711127425239
restormer_deblur,padim,carpet,noise,3,16,0.9805406564110745,0.9265593294394951,0.9200987814364302,-0.1196811632004965
divide_lpres_on,padim,carpet,noise,3,16,0.9805406564110745,0.9265593294394951,0.8209755740341008,-1.955931084483774
divide_lpres_off,padim,carpet,noise,3,16,0.9805406564110745,0.9265593294394951,0.8265503608630858,-1.852658580050528
identity,padim,carpet,noise,4,16,0.9805406564110745,0.9166345892099727,0.9166345892099727,0.0
wiener,padim,carpet,noise,4,16,0.9805406564110745,0.9166345892099727,0.905211796274579,-0.17874348142012828
restormer_deblur,padim,carpet,noise,4,16,0.9805406564110745,0.9166345892099727,0.9166345892099727,0.0
divide_lpres_on,padim,carpet,noise,4,16,0.9805406564110745,0.9166345892099727,0.9036204124246886,-0.20364540262398856
divide_lpres_off,padim,carpet,noise,4,16,0.9805406564110745,0.9166345892099727,0.8759700334738246,-0.6363176067177377
identity,padim,carpet,mixed,2,16,0.9805406564110745,0.9501658298912248,0.9501658298912248,0.0
wiener,padim,carpet,mixed,2,16,0.9805406564110745,0.9501658298912248,0.907469080337966,-1.405662334412241
restormer_deblur,padim,carpet,mixed,2,16,0.9805406564110745,0.9501658298912248,0.9327077108790741,-0.5747561718827245
divide_lpres_on,padim,carpet,mixed,2,16,0.9805406564110745,0.9501658298912248,0.9102527428212976,-1.314018601681372
divide_lpres_off,padim,carpet,mixed,2,16,0.9805406564110745,0.9501658298912248,0.8614859623031548,-2.919518487788514
identity,padim,carpet,mixed,3,16,0.9805406564110745,0.8498343623018682,0.8498343623018682,0.0
wiener,padim,carpet,mixed,3,16,0.9805406564110745,0.8498343623018682,0.8055505843807386,-0.3388037142582444
restormer_deblur,padim,carpet,mixed,3,16,0.9805406564110745,0.8498343623018682,0.8472294018153185,-0.01992987793206967
divide_lpres_on,padim,carpet,mixed,3,16,0.9805406564110745,0.8498343623018682,0.8333645211108675,-0.12600648884773671
divide_lpres_off,padim,carpet,mixed,3,16,0.9805406564110745,0.8498343623018682,0.7220625869920122,-0.9775487567806143
identity,padim,carpet,mixed,4,16,0.9805406564110745,0.7801397762845096,0.7801397762845096,0.0
wiener,padim,carpet,mixed,4,16,0.9805406564110745,0.7801397762845096,0.7367351651132779,-0.2165889248780703
restormer_deblur,padim,carpet,mixed,4,16,0.9805406564110745,0.7801397762845096,0.7778572153398612,-0.011389974650844015
divide_lpres_on,padim,carpet,mixed,4,16,0.9805406564110745,0.7801397762845096,0.7535184840909529,-0.13284019599486682
divide_lpres_off,padim,carpet,mixed,4,16,0.9805406564110745,0.7801397762845096,0.6178031311144639,-0.8100595419916348
identity,patchcore,carpet,defocus,2,16,0.9839746633164695,0.6746213766542148,0.6746213766542148,0.0
wiener,patchcore,carpet,defocus,2,16,0.9839746633164695,0.6746213766542148,0.9714840760422203,0.9596235507661304
restormer_deblur,patchcore,carpet,defocus,2,16,0.9839746633164695,0.6746213766542148,0.934971862662767,0.841595991487872
divide_lpres_on,patchcore,carpet,defocus,2,16,0.9839746633164695,0.6746213766542148,0.9774244925144066,0.9788262446708241
divide_lpres_off,patchcore,carpet,defocus,2,16,0.9839746633164695,0.6746213766542148,0.9805918077668058,0.9890647499298848
identity,patchcore,carpet,defocus,3,16,0.9839746633164695,0.535229104528036,0.535229104528036,0.0
wiener,patchcore,carpet,defocus,3,16,0.9839746633164695,0.535229104528036,0.8519184548113399,0.7057214140198563
restormer_deblur,patchcore,carpet,defocus,3,16,0.9839746633164695,0.535229104528036,0.6429473257463875,0.24004298005573474
divide_lpres_on,patchcore,carpet,defocus,3,16,0.9839746633164695,0.535229104528036,0.9107925752179075,0.8369185239489698
divide_lpres_off,patchcore,carpet,defocus,3,16,0.9839746633164695,0.535229104528036,0.9142414502070483,0.8446041153082524
identity,patchcore,carpet,defocus,4,16,0.9839746633164695,0.5048914564812401,0.5048914564812401,0.0
wiener,patchcore,carpet,defocus,4,16,0.9839746633164695,0.5048914564812401,0.6019517562910839,0.2025959132464971
restormer_deblur,patchcore,carpet,defocus,4,16,0.9839746633164695,0.5048914564812401,0.5180392667882895,0.027443688527306866
divide_lpres_on,patchcore,carpet,defocus,4,16,0.9839746633164695,0.5048914564812401,0.7890196816571589,0.5930665511171604
divide_lpres_off,patchcore,carpet,defocus,4,16,0.9839746633164695,0.5048914564812401,0.7587829033098775,0.5299527163680317
identity,patchcore,carpet,motion,2,16,0.9839746633164695,0.5159596135097829,0.5159596135097829,0.0
wiener,patchcore,carpet,motion,2,16,0.9839746633164695,0.5159596135097829,0.8146862785897905,0.6382843141548471
restormer_deblur,patchcore,carpet,motion,2,16,0.9839746633164695,0.5159596135097829,0.5790364771860732,0.1347752891757309
divide_lpres_on,patchcore,carpet,motion,2,16,0.9839746633164695,0.5159596135097829,0.9084325138273536,0.8385903412287306
divide_lpres_off,patchcore,carpet,motion,2,16,0.9839746633164695,0.5159596135097829,0.9214371027005052,0.8663770307348119
identity,patchcore,carpet,motion,3,16,0.9839746633164695,0.5044382667786369,0.5044382667786369,0.0
wiener,patchcore,carpet,motion,3,16,0.9839746633164695,0.5044382667786369,0.8380696108028667,0.6957372713166063
restormer_deblur,patchcore,carpet,motion,3,16,0.9839746633164695,0.5044382667786369,0.573679282618558,0.14439157557138302
divide_lpres_on,patchcore,carpet,motion,3,16,0.9839746633164695,0.5044382667786369,0.9543417407503934,0.9382050605959826
divide_lpres_off,patchcore,carpet,motion,3,16,0.9839746633164695,0.5044382667786369,0.9596215866477933,0.9492153737557751
identity,patchcore,carpet,motion,4,16,0.9839746633164695,0.5022365080744022,0.5022365080744022,0.0
wiener,patchcore,carpet,motion,4,16,0.9839746633164695,0.5022365080744022,0.5316547457021786,0.061066862376707755
restormer_deblur,patchcore,carpet,motion,4,16,0.9839746633164695,0.5022365080744022,0.5097071400303091,0.015507660903780845
divide_lpres_on,patchcore,carpet,motion,4,16,0.9839746633164695,0.5022365080744022,0.6228781165841369,0.250429838693416
divide_lpres_off,patchcore,carpet,motion,4,16,0.9839746633164695,0.5022365080744022,0.6252652052625991,0.2553849967029838
identity,patchcore,carpet,noise,2,16,0.9839746633164695,0.9787044862808467,0.9787044862808467,0.0
wiener,patchcore,carpet,noise,2,16,0.9839746633164695,0.9787044862808467,0.9459357407884976,-6.217769397660569
restormer_deblur,patchcore,carpet,noise,2,16,0.9839746633164695,0.9787044862808467,0.978713216648259,0.0016565605582741832
divide_lpres_on,patchcore,carpet,noise,2,16,0.9839746633164695,0.9787044862808467,0.9503948069091904,-5.371675217037691
divide_lpres_off,patchcore,carpet,noise,2,16,0.9839746633164695,0.9787044862808467,0.9470104092898858,-6.013854331027299
identity,patchcore,carpet,noise,3,16,0.9839746633164695,0.9660165638664466,0.9660165638664466,0.0
wiener,patchcore,carpet,noise,3,16,0.9839746633164695,0.9660165638664466,0.9044756015140318,-3.426919564828241
restormer_deblur,patchcore,carpet,noise,3,16,0.9839746633164695,0.9660165638664466,0.966150735045705,0.007471346265332714
divide_lpres_on,patchcore,carpet,noise,3,16,0.9839746633164695,0.9660165638664466,0.9137045727600692,-2.913002639948665
divide_lpres_off,patchcore,carpet,noise,3,16,0.9839746633164695,0.9660165638664466,0.9056833067876019,-3.3596682793048993
identity,patchcore,carpet,noise,4,16,0.9839746633164695,0.9149504338844969,0.9149504338844969,0.0
wiener,patchcore,carpet,noise,4,16,0.9839746633164695,0.9149504338844969,0.9129847397978625,-0.02847831990028501
restormer_deblur,patchcore,carpet,noise,4,16,0.9839746633164695,0.9149504338844969,0.9149504338844969,0.0
divide_lpres_on,patchcore,carpet,noise,4,16,0.9839746633164695,0.9149504338844969,0.9484936226336047,0.48596252395930817
divide_lpres_off,patchcore,carpet,noise,4,16,0.9839746633164695,0.9149504338844969,0.9655042137783437,0.7324062913830929
identity,patchcore,carpet,mixed,2,16,0.9839746633164695,0.7029483875326982,0.7029483875326982,0.0
wiener,patchcore,carpet,mixed,2,16,0.9839746633164695,0.7029483875326982,0.7417827392156295,0.13818761813152122
restormer_deblur,patchcore,carpet,mixed,2,16,0.9839746633164695,0.7029483875326982,0.7071265166652188,0.014867396726046134
divide_lpres_on,patchcore,carpet,mixed,2,16,0.9839746633164695,0.7029483875326982,0.7904588847382696,0.311396138889533
divide_lpres_off,patchcore,carpet,mixed,2,16,0.9839746633164695,0.7029483875326982,0.8273395598097443,0.4426318212776508
identity,patchcore,carpet,mixed,3,16,0.9839746633164695,0.6046057394376394,0.6046057394376394,0.0
wiener,patchcore,carpet,mixed,3,16,0.9839746633164695,0.6046057394376394,0.598525082288439,-0.01602834804450803
restormer_deblur,patchcore,carpet,mixed,3,16,0.9839746633164695,0.6046057394376394,0.6053538161565266,0.001971897727516945
divide_lpres_on,patchcore,carpet,mixed,3,16,0.9839746633164695,0.6046057394376394,0.6585970907055088,0.1423188560513568
divide_lpres_off,patchcore,carpet,mixed,3,16,0.9839746633164695,0.6046057394376394,0.709738294523006,0.27712484726067266
identity,patchcore,carpet,mixed,4,16,0.9839746633164695,0.5318410409366886,0.5318410409366886,0.0
wiener,patchcore,carpet,mixed,4,16,0.9839746633164695,0.5318410409366886,0.5265658934931804,-0.011667231062672924
restormer_deblur,patchcore,carpet,mixed,4,16,0.9839746633164695,0.5318410409366886,0.5267502582071255,-0.011259465073108326
divide_lpres_on,patchcore,carpet,mixed,4,16,0.9839746633164695,0.5318410409366886,0.5740967576907113,0.09345847037787644
divide_lpres_off,patchcore,carpet,mixed,4,16,0.9839746633164695,0.5318410409366886,0.5828780278194579,0.11288031757987567
identity,padim,bottle,defocus,2,16,0.9865191025913643,0.9861414324527572,0.9861414324527572,0.0
wiener,padim,bottle,defocus,2,16,0.9865191025913643,0.9861414324527572,0.8992403825887185,-230.09775192853925
restormer_deblur,padim,bottle,defocus,2,16,0.9865191025913643,0.9861414324527572,0.9874144421387251,3.3706919235469517
divide_lpres_on,padim,bottle,defocus,2,16,0.9865191025913643,0.9861414324527572,0.9503472993465186,-94.77618018265939
divide_lpres_off,padim,bottle,defocus,2,16,0.9865191025913643,0.9861414324527572,0.9167875501771806,-183.6361289546461
identity,padim,bottle,defocus,3,16,0.9865191025913643,0.9847269382362043,0.9847269382362043,0.0
wiener,padim,bottle,defocus,3,16,0.9865191025913643,0.9847269382362043,0.8631719237540151,-67.82581861546592
restormer_deblur,padim,bottle,defocus,3,16,0.9865191025913643,0.9847269382362043,0.9863324463360451,0.8958486955831974
divide_lpres_on,padim,bottle,defocus,3,16,0.9865191025913643,0.9847269382362043,0.9047036470498956,-44.651759173707056
divide_lpres_off,padim,bottle,defocus,3,16,0.9865191025913643,0.9847269382362043,0.886637604532302,-54.7323315640558
identity,padim,bottle,defocus,4,16,0.9865191025913643,0.9822762234080611,0.9822762234080611,0.0
wiener,padim,bottle,defocus,4,16,0.9865191025913643,0.9822762234080611,0.7611394390531345,-52.1195100782397
restormer_deblur,padim,bottle,defocus,4,16,0.9865191025913643,0.9822762234080611,0.985454316447975,0.7490416065629366
divide_lpres_on,padim,bottle,defocus,4,16,0.9865191025913643,0.9822762234080611,0.8486583477811551,-31.49226500550023
divide_lpres_off,padim,bottle,defocus,4,16,0.9865191025913643,0.9822762234080611,0.8515553167271298,-30.809481258705134
identity,padim,bottle,motion,2,16,0.9865191025913643,0.984798587392808,0.984798587392808,0.0
wiener,padim,bottle,motion,2,16,0.9865191025913643,0.984798587392808,0.941788349208567,-24.998464541511098
restormer_deblur,padim,bottle,motion,2,16,0.9865191025913643,0.984798587392808,0.9863622772801921,0.9088497960937408
divide_lpres_on,padim,bottle,motion,2,16,0.9865191025913643,0.984798587392808,0.9320154865966441,-30.678659996990536
divide_lpres_off,padim,bottle,motion,2,16,0.9865191025913643,0.984798587392808,0.9134395229919015,-41.475404844307064
identity,padim,bottle,motion,3,16,0.9865191025913643,0.9791782192398626,0.9791782192398626,0.0
wiener,padim,bottle,motion,3,16,0.9865191025913643,0.9791782192398626,0.8333041464003158,-19.87146040261014
restormer_deblur,padim,bottle,motion,3,16,0.9865191025913643,0.9791782192398626,0.9850183896996758,0.7955678056944587
divide_lpres_on,padim,bottle,motion,3,16,0.9865191025913643,0.9791782192398626,0.8428511956738449,-18.570929006538297
divide_lpres_off,padim,bottle,motion,3,16,0.9865191025913643,0.9791782192398626,0.8366877474672878,-19.41053480211278
identity,padim,bottle,motion,4,16,0.9865191025913643,0.9652027494699806,0.9652027494699806,0.0
wiener,padim,bottle,motion,4,16,0.9865191025913643,0.9652027494699806,0.8609871570516541,-4.888997279454043
restormer_deblur,padim,bottle,motion,4,16,0.9865191025913643,0.9652027494699806,0.9702769298709017,0.23804167495381298
divide_lpres_on,padim,bottle,motion,4,16,0.9865191025913643,0.9652027494699806,0.909271967696317,-2.6238438374130775
divide_lpres_off,padim,bottle,motion,4,16,0.9865191025913643,0.9652027494699806,0.8924764561679118,-3.4117605806179285
identity,padim,bottle,noise,2,16,0.9865191025913643,0.954144481437523,0.954144481437523,0.0
wiener,padim,bottle,noise,2,16,0.9865191025913643,0.954144481437523,0.9494397986779781,-0.14532008690352202
restormer_deblur,padim,bottle,noise,2,16,0.9865191025913643,0.954144481437523,0.954144481437523,0.0
divide_lpres_on,padim,bottle,noise,2,16,0.9865191025913643,0.954144481437523,0.9641355663034265,0.3086085492221433
divide_lpres_off,padim,bottle,noise,2,16,0.9865191025913643,0.954144481437523,0.9357409954911784,-0.5684540943009895
identity,padim,bottle,noise,3,16,0.9865191025913643,0.9362361731011892,0.9362361731011892,0.0
wiener,padim,bottle,noise,3,16,0.9865191025913643,0.9362361731011892,0.9296632477016243,-0.13071882378788585
restormer_deblur,padim,bottle,noise,3,16,0.9865191025913643,0.9362361731011892,0.9362361731011892,0.0
divide_lpres_on,padim,bottle,noise,3,16,0.9865191025913643,0.9362361731011892,0.9487450091674625,0.24876903937582673
divide_lpres_off,padim,bottle,noise,3,16,0.9865191025913643,0.9362361731011892,0.903513525864262,-0.6507705014148181
identity,padim,bottle,noise,4,16,0.9865191025913643,0.9009019819882824,0.9009019819882824,0.0
wiener,padim,bottle,noise,4,16,0.9865191025913643,0.9009019819882824,0.8894666850842425,-0.1335632035215659
restormer_deblur,padim,bottle,noise,4,16,0.9865191025913643,0.9009019819882824,0.9009019819882824,0.0
divide_lpres_on,padim,bottle,noise,4,16,0.9865191025913643,0.9009019819882824,0.9213097190003856,0.23836046889164575
divide_lpres_off,padim,bottle,noise,4,16,0.9865191025913643,0.9009019819882824,0.8616558548481826,-0.4583911122407808
identity,padim,bottle,mixed,2,16,0.9865191025913643,0.9274200260512324,0.9274200260512324,0.0
wiener,padim,bottle,mixed,2,16,0.9865191025913643,0.9274200260512324,0.9205121902454138,-0.1168856809653839
restormer_deblur,padim,bottle,mixed,2,16,0.9865191025913643,0.9274200260512324,0.9274200260512324,0.0
divide_lpres_on,padim,bottle,mixed,2,16,0.9865191025913643,0.9274200260512324,0.929763178488494,0.03964786887440501
divide_lpres_off,padim,bottle,mixed,2,16,0.9865191025913643,0.9274200260512324,0.7862733848447373,-2.388305358894193
identity,padim,bottle,mixed,3,16,0.9865191025913643,0.8628614614236786,0.8628614614236786,0.0
wiener,padim,bottle,mixed,3,16,0.9865191025913643,0.8628614614236786,0.8630769990144336,0.0017430187792658034
restormer_deblur,padim,bottle,mixed,3,16,0.9865191025913643,0.8628614614236786,0.8628614614236786,0.0
divide_lpres_on,padim,bottle,mixed,3,16,0.9865191025913643,0.8628614614236786,0.8816028261975368,0.15155848516020162
divide_lpres_off,padim,bottle,mixed,3,16,0.9865191025913643,0.8628614614236786,0.7229543836213888,-1.131406652117592
identity,padim,bottle,mixed,4,16,0.9865191025913643,0.7665547413222394,0.7665547413222394,0.0
wiener,padim,bottle,mixed,4,16,0.9865191025913643,0.7665547413222394,0.7485143288293349,-0.08201516095069708
restormer_deblur,padim,bottle,mixed,4,16,0.9865191025913643,0.7665547413222394,0.7650435818737322,-0.0068700194876492844
divide_lpres_on,padim,bottle,mixed,4,16,0.9865191025913643,0.7665547413222394,0.7665762764506073,9.790280681669501e-05
divide_lpres_off,padim,bottle,mixed,4,16,0.9865191025913643,0.7665547413222394,0.6457047729524109,-0.5494070388155717
identity,patchcore,bottle,defocus,2,16,0.9682322615134493,0.9589011563257087,0.9589011563257087,0.0
wiener,patchcore,bottle,defocus,2,16,0.9682322615134493,0.9589011563257087,0.9638132910259106,0.5264258200256461
restormer_deblur,patchcore,bottle,defocus,2,16,0.9682322615134493,0.9589011563257087,0.9545702831801546,-0.46413292513775595
divide_lpres_on,patchcore,bottle,defocus,2,16,0.9682322615134493,0.9589011563257087,0.9666589079320667,0.8313861488294262
divide_lpres_off,patchcore,bottle,defocus,2,16,0.9682322615134493,0.9589011563257087,0.9476165204443343,-1.2093568397664605
identity,patchcore,bottle,defocus,3,16,0.9682322615134493,0.9376425785635332,0.9376425785635332,0.0
wiener,patchcore,bottle,defocus,3,16,0.9682322615134493,0.9376425785635332,0.9569499043969208,0.6311711652912244
restormer_deblur,patchcore,bottle,defocus,3,16,0.9682322615134493,0.9376425785635332,0.9487570941963851,0.36334196895892945
divide_lpres_on,patchcore,bottle,defocus,3,16,0.9682322615134493,0.9376425785635332,0.9592639008491257,0.7068174691771957
divide_lpres_off,patchcore,bottle,defocus,3,16,0.9682322615134493,0.9376425785635332,0.913706281758898,-0.7824957468119417
identity,patchcore,bottle,defocus,4,16,0.9682322615134493,0.8743290464211305,0.8743290464211305,0.0
wiener,patchcore,bottle,defocus,4,16,0.9682322615134493,0.8743290464211305,0.93380615821431,0.6333873843904698
restormer_deblur,patchcore,bottle,defocus,4,16,0.9682322615134493,0.8743290464211305,0.9406332601806234,0.7060909862810069
divide_lpres_on,patchcore,bottle,defocus,4,16,0.9682322615134493,0.8743290464211305,0.8904200546411969,0.1713573726335873
divide_lpres_off,patchcore,bottle,defocus,4,16,0.9682322615134493,0.8743290464211305,0.7507700555907769,-1.3158121445456303
identity,patchcore,bottle,motion,2,16,0.9682322615134493,0.9537228043785932,0.9537228043785932,0.0
wiener,patchcore,bottle,motion,2,16,0.9682322615134493,0.9537228043785932,0.9519163702593025,-0.1245004621813944
restormer_deblur,patchcore,bottle,motion,2,16,0.9682322615134493,0.9537228043785932,0.9597757585012122,0.4171730249009769
divide_lpres_on,patchcore,bottle,motion,2,16,0.9682322615134493,0.9537228043785932,0.9350235004438677,-1.288766613452696
divide_lpres_off,patchcore,bottle,motion,2,16,0.9682322615134493,0.9537228043785932,0.8449540047617338,-7.496407247075023
identity,patchcore,bottle,motion,3,16,0.9682322615134493,0.9010327398368063,0.9010327398368063,0.0
wiener,patchcore,bottle,motion,3,16,0.9682322615134493,0.9010327398368063,0.9271740024885022,0.3890096536324308
restormer_deblur,patchcore,bottle,motion,3,16,0.9682322615134493,0.9010327398368063,0.9569040577055435,0.8314243386669343
divide_lpres_on,patchcore,bottle,motion,3,16,0.9682322615134493,0.9010327398368063,0.8751886861852674,-0.38458686917293583
divide_lpres_off,patchcore,bottle,motion,3,16,0.9682322615134493,0.9010327398368063,0.8012415681206159,-1.484998244427617
identity,patchcore,bottle,motion,4,16,0.9682322615134493,0.8282563698917794,0.8282563698917794,0.0
wiener,patchcore,bottle,motion,4,16,0.9682322615134493,0.8282563698917794,0.8166397323751232,-0.08299027341118084
restormer_deblur,patchcore,bottle,motion,4,16,0.9682322615134493,0.8282563698917794,0.8552374043889204,0.19275486788872132
divide_lpres_on,patchcore,bottle,motion,4,16,0.9682322615134493,0.8282563698917794,0.8114385429174061,-0.12014802534588527
divide_lpres_off,patchcore,bottle,motion,4,16,0.9682322615134493,0.8282563698917794,0.6979542308719414,-0.9308898661779677
identity,patchcore,bottle,noise,2,16,0.9682322615134493,0.8568738399921948,0.8568738399921948,0.0
wiener,patchcore,bottle,noise,2,16,0.9682322615134493,0.8568738399921948,0.8618828088529382,0.044980602206070086
restormer_deblur,patchcore,bottle,noise,2,16,0.9682322615134493,0.8568738399921948,0.8568738399921948,0.0
divide_lpres_on,patchcore,bottle,noise,2,16,0.9682322615134493,0.8568738399921948,0.8863548799406379,0.26474010268559856
divide_lpres_off,patchcore,bottle,noise,2,16,0.9682322615134493,0.8568738399921948,0.6391446114455437,-1.955211160254225
identity,patchcore,bottle,noise,3,16,0.9682322615134493,0.7189541717545036,0.7189541717545036,0.0
wiener,patchcore,bottle,noise,3,16,0.9682322615134493,0.7189541717545036,0.7219202363066687,0.011898617142939816
restormer_deblur,patchcore,bottle,noise,3,16,0.9682322615134493,0.7189541717545036,0.7189541717545036,0.0
divide_lpres_on,patchcore,bottle,noise,3,16,0.9682322615134493,0.7189541717545036,0.7508363078917702,0.12789786767098937
divide_lpres_off,patchcore,bottle,noise,3,16,0.9682322615134493,0.7189541717545036,0.5974087196182236,-0.4875897928045565
identity,patchcore,bottle,noise,4,16,0.9682322615134493,0.6100822751651721,0.6100822751651721,0.0
wiener,patchcore,bottle,noise,4,16,0.9682322615134493,0.6100822751651721,0.6098911627584604,-0.0005336099790488709
restormer_deblur,patchcore,bottle,noise,4,16,0.9682322615134493,0.6100822751651721,0.6100822751651721,0.0
divide_lpres_on,patchcore,bottle,noise,4,16,0.9682322615134493,0.6100822751651721,0.6372977011470822,0.07598890693644998
divide_lpres_off,patchcore,bottle,noise,4,16,0.9682322615134493,0.6100822751651721,0.5762997172555647,-0.09432516877651385
identity,patchcore,bottle,mixed,2,16,0.9682322615134493,0.7386300858833674,0.7386300858833674,0.0
wiener,patchcore,bottle,mixed,2,16,0.9682322615134493,0.7386300858833674,0.7354153203859349,-0.014001459213574203
restormer_deblur,patchcore,bottle,mixed,2,16,0.9682322615134493,0.7386300858833674,0.7386300858833674,0.0
divide_lpres_on,patchcore,bottle,mixed,2,16,0.9682322615134493,0.7386300858833674,0.7568892200371421,0.07952509205832806
divide_lpres_off,patchcore,bottle,mixed,2,16,0.9682322615134493,0.7386300858833674,0.5560122434252236,-0.795366341616746
identity,patchcore,bottle,mixed,3,16,0.9682322615134493,0.6071253840085292,0.6071253840085292,0.0
wiener,patchcore,bottle,mixed,3,16,0.9682322615134493,0.6071253840085292,0.6019582141641304,-0.014309253482241964
restormer_deblur,patchcore,bottle,mixed,3,16,0.9682322615134493,0.6071253840085292,0.6071253840085292,0.0
divide_lpres_on,patchcore,bottle,mixed,3,16,0.9682322615134493,0.6071253840085292,0.6147326770618226,0.021066596974990262
divide_lpres_off,patchcore,bottle,mixed,3,16,0.9682322615134493,0.6071253840085292,0.5293405959445437,-0.21540655387524613
identity,patchcore,bottle,mixed,4,16,0.9682322615134493,0.5560489370073122,0.5560489370073122,0.0
wiener,patchcore,bottle,mixed,4,16,0.9682322615134493,0.5560489370073122,0.5516880067026944,-0.010580074557462803
restormer_deblur,patchcore,bottle,mixed,4,16,0.9682322615134493,0.5560489370073122,0.5565952636739653,0.0013254458251257396
divide_lpres_on,patchcore,bottle,mixed,4,16,0.9682322615134493,0.5560489370073122,0.5560891980209928,9.767744420237609e-05
divide_lpres_off,patchcore,bottle,mixed,4,16,0.9682322615134493,0.5560489370073122,0.5193441429908123,-0.08904968210559748
identity,padim,screw,defocus,2,16,0.9434001299263389,0.9215350173939234,0.9215350173939234,0.0
wiener,padim,screw,defocus,2,16,0.9434001299263389,0.9215350173939234,0.8411112082951492,-3.678179519064634
restormer_deblur,padim,screw,defocus,2,16,0.9434001299263389,0.9215350173939234,0.9428770549873755,0.9760771897154451
divide_lpres_on,padim,screw,defocus,2,16,0.9434001299263389,0.9215350173939234,0.9139317773226031,-0.34773386416595475
divide_lpres_off,padim,screw,defocus,2,16,0.9434001299263389,0.9215350173939234,0.9270917687729399,0.2541377900881346
identity,padim,screw,defocus,3,16,0.9434001299263389,0.9141557481323311,0.9141557481323311,0.0
wiener,padim,screw,defocus,3,16,0.9434001299263389,0.9141557481323311,0.8013698004274792,-3.8566706076844453
restormer_deblur,padim,screw,defocus,3,16,0.9434001299263389,0.9141557481323311,0.9355944397094729,0.7330875286799377
divide_lpres_on,padim,screw,defocus,3,16,0.9434001299263389,0.9141557481323311,0.8946924431374136,-0.6655399704467546
divide_lpres_off,padim,screw,defocus,3,16,0.9434001299263389,0.9141557481323311,0.9072717230742318,-0.2353964979184453
identity,padim,screw,defocus,4,16,0.9434001299263389,0.9081819380321806,0.9081819380321806,0.0
wiener,padim,screw,defocus,4,16,0.9434001299263389,0.9081819380321806,0.7586166163246011,-4.246820000216653
restormer_deblur,padim,screw,defocus,4,16,0.9434001299263389,0.9081819380321806,0.9247547465240502,0.47057522264845597
divide_lpres_on,padim,screw,defocus,4,16,0.9434001299263389,0.9081819380321806,0.901490774349338,-0.18999168676664765
divide_lpres_off,padim,screw,defocus,4,16,0.9434001299263389,0.9081819380321806,0.8982813565291137,-0.2811212322546622
identity,padim,screw,motion,2,16,0.9434001299263389,0.9190859418333265,0.9190859418333265,0.0
wiener,padim,screw,motion,2,16,0.9434001299263389,0.9190859418333265,0.8681340237843398,-2.0955632100102717
restormer_deblur,padim,screw,motion,2,16,0.9434001299263389,0.9190859418333265,0.9325282845381389,0.5528600277907495
divide_lpres_on,padim,screw,motion,2,16,0.9434001299263389,0.9190859418333265,0.8931761810682068,-1.0656231113292134
divide_lpres_off,padim,screw,motion,2,16,0.9434001299263389,0.9190859418333265,0.9099394181692954,-0.3761805094639252
identity,padim,screw,motion,3,16,0.9434001299263389,0.9173727185975734,0.9173727185975734,0.0
wiener,padim,screw,motion,3,16,0.9434001299263389,0.9173727185975734,0.7974941292616877,-4.605859100685737
restormer_deblur,padim,screw,motion,3,16,0.9434001299263389,0.9173727185975734,0.9311314210600283,0.5286235457173104
divide_lpres_on,padim,screw,motion,3,16,0.9434001299263389,0.9173727185975734,0.8954235365830768,-0.8433102215677641
divide_lpres_off,padim,screw,motion,3,16,0.9434001299263389,0.9173727185975734,0.9042515207202952,-0.5041299617367867
identity,padim,screw,motion,4,16,0.9434001299263389,0.9216526185462279,0.9216526185462279,0.0
wiener,padim,screw,motion,4,16,0.9434001299263389,0.9216526185462279,0.7820954133507726,-6.417157474077067
restormer_deblur,padim,screw,motion,4,16,0.9434001299263389,0.9216526185462279,0.9291707271966405,0.3456997225571384
divide_lpres_on,padim,screw,motion,4,16,0.9434001299263389,0.9216526185462279,0.8958671588952843,-1.1856740387557845
divide_lpres_off,padim,screw,motion,4,16,0.9434001299263389,0.9216526185462279,0.906378923589029,-0.702319207482623
identity,padim,screw,noise,2,16,0.9434001299263389,0.9302347304992017,0.9302347304992017,0.0
wiener,padim,screw,noise,2,16,0.9434001299263389,0.9302347304992017,0.9268600771036278,-0.2563274600402809
restormer_deblur,padim,screw,noise,2,16,0.9434001299263389,0.9302347304992017,0.9302347304992017,0.0
divide_lpres_on,padim,screw,noise,2,16,0.9434001299263389,0.9302347304992017,0.9387218074324327,0.6446501665370673
divide_lpres_off,padim,screw,noise,2,16,0.9434001299263389,0.9302347304992017,0.9445074353843449,1.084107243698473
identity,padim,screw,noise,3,16,0.9434001299263389,0.914215164865209,0.914215164865209,0.0
wiener,padim,screw,noise,3,16,0.9434001299263389,0.914215164865209,0.9174396963456964,0.11048604902330371
restormer_deblur,padim,screw,noise,3,16,0.9434001299263389,0.914215164865209,0.914215164865209,0.0
divide_lpres_on,padim,screw,noise,3,16,0.9434001299263389,0.914215164865209,0.9316379901809383,0.5969794817035403
divide_lpres_off,padim,screw,noise,3,16,0.9434001299263389,0.914215164865209,0.9390542334361964,0.8510912560272139
identity,padim,screw,noise,4,16,0.9434001299263389,0.8949004643441867,0.8949004643441867,0.0
wiener,padim,screw,noise,4,16,0.9434001299263389,0.8949004643441867,0.9056971936933483,0.22261451124592535
restormer_deblur,padim,screw,noise,4,16,0.9434001299263389,0.8949004643441867,0.8949004643441867,0.0
divide_lpres_on,padim,screw,noise,4,16,0.9434001299263389,0.8949004643441867,0.9206391970667195,0.530699179336292
divide_lpres_off,padim,screw,noise,4,16,0.9434001299263389,0.8949004643441867,0.9404545643484311,0.9392662703432789
identity,padim,screw,mixed,2,16,0.9434001299263389,0.9155645470144304,0.9155645470144304,0.0
wiener,padim,screw,mixed,2,16,0.9434001299263389,0.9155645470144304,0.8825833634142649,-1.1848569402890243
restormer_deblur,padim,screw,mixed,2,16,0.9434001299263389,0.9155645470144304,0.9150550426438425,-0.01830406685573151
divide_lpres_on,padim,screw,mixed,2,16,0.9434001299263389,0.9155645470144304,0.9201822903939055,0.16589353972176474
divide_lpres_off,padim,screw,mixed,2,16,0.9434001299263389,0.9155645470144304,0.9012848835003939,-0.513000340579443
identity,padim,screw,mixed,3,16,0.9434001299263389,0.8945991974562428,0.8945991974562428,0.0
wiener,padim,screw,mixed,3,16,0.9434001299263389,0.8945991974562428,0.8130011791333478,-1.6720585897184674
restormer_deblur,padim,screw,mixed,3,16,0.9434001299263389,0.8945991974562428,0.8932100777883394,-0.02846502305575133
divide_lpres_on,padim,screw,mixed,3,16,0.9434001299263389,0.8945991974562428,0.8808624411895213,-0.28148552848122455
divide_lpres_off,padim,screw,mixed,3,16,0.9434001299263389,0.8945991974562428,0.8194021640492355,-1.5408933723364011
identity,padim,screw,mixed,4,16,0.9434001299263389,0.8507509729782967,0.8507509729782967,0.0
wiener,padim,screw,mixed,4,16,0.9434001299263389,0.8507509729782967,0.7953069867313101,-0.5984294738707631
restormer_deblur,padim,screw,mixed,4,16,0.9434001299263389,0.8507509729782967,0.8496083702721405,-0.01233257531740904
divide_lpres_on,padim,screw,mixed,4,16,0.9434001299263389,0.8507509729782967,0.8690052591341801,0.19702592832140348
divide_lpres_off,padim,screw,mixed,4,16,0.9434001299263389,0.8507509729782967,0.7980429880105573,-0.5688987002579867
identity,patchcore,screw,defocus,2,16,0.9365443546550851,0.9375803217465982,0.9375803217465982,-0.0
wiener,patchcore,screw,defocus,2,16,0.9365443546550851,0.9375803217465982,0.9386904080100897,-1.071545874946818
restormer_deblur,patchcore,screw,defocus,2,16,0.9365443546550851,0.9375803217465982,0.9403970036459355,-2.7188912875826015
divide_lpres_on,patchcore,screw,defocus,2,16,0.9365443546550851,0.9375803217465982,0.9492565405696599,-11.270839507081028
divide_lpres_off,patchcore,screw,defocus,2,16,0.9365443546550851,0.9375803217465982,0.954196501515789,-16.039293048316576
identity,patchcore,screw,defocus,3,16,0.9365443546550851,0.9294604777319709,0.9294604777319709,0.0
wiener,patchcore,screw,defocus,3,16,0.9365443546550851,0.9294604777319709,0.9202333995412726,-1.3025463726777984
restormer_deblur,patchcore,screw,defocus,3,16,0.9365443546550851,0.9294604777319709,0.9329641962510408,0.4946046574634079
divide_lpres_on,patchcore,screw,defocus,3,16,0.9365443546550851,0.9294604777319709,0.9341879504700693,0.6673567016209675
divide_lpres_off,patchcore,screw,defocus,3,16,0.9365443546550851,0.9294604777319709,0.9445785987860882,2.134159192516163
identity,patchcore,screw,defocus,4,16,0.9365443546550851,0.9364560814288925,0.9364560814288925,0.0
wiener,patchcore,screw,defocus,4,16,0.9365443546550851,0.9364560814288925,0.8993550962959729,-420.29714708682206
restormer_deblur,patchcore,screw,defocus,4,16,0.9365443546550851,0.9364560814288925,0.9248695258297551,-131.25786944560986
divide_lpres_on,patchcore,screw,defocus,4,16,0.9365443546550851,0.9364560814288925,0.9406601004077444,47.62507455745478
divide_lpres_off,patchcore,screw,defocus,4,16,0.9365443546550851,0.9364560814288925,0.9420252917561093,63.090594593909344
identity,patchcore,screw,motion,2,16,0.9365443546550851,0.9476203598752405,0.9476203598752405,-0.0
wiener,patchcore,screw,motion,2,16,0.9365443546550851,0.9476203598752405,0.9435405539881753,0.3683463311881689
restormer_deblur,patchcore,screw,motion,2,16,0.9365443546550851,0.9476203598752405,0.9269402814307887,1.8671062385217725
divide_lpres_on,patchcore,screw,motion,2,16,0.9365443546550851,0.9476203598752405,0.9400863091820783,0.6802137181600717
divide_lpres_off,patchcore,screw,motion,2,16,0.9365443546550851,0.9476203598752405,0.9536767090559292,-0.546799054379976
identity,patchcore,screw,motion,3,16,0.9365443546550851,0.9452406483875438,0.9452406483875438,-0.0
wiener,patchcore,screw,motion,3,16,0.9365443546550851,0.9452406483875438,0.8839016166884873,7.053468245916065
restormer_deblur,patchcore,screw,motion,3,16,0.9365443546550851,0.9452406483875438,0.8972039754434101,5.523809846123054
divide_lpres_on,patchcore,screw,motion,3,16,0.9365443546550851,0.9452406483875438,0.8536371004927475,10.533630844699744
divide_lpres_off,patchcore,screw,motion,3,16,0.9365443546550851,0.9452406483875438,0.8894050383798597,6.420621442359854
identity,patchcore,screw,motion,4,16,0.9365443546550851,0.9494283473133849,0.9494283473133849,-0.0
wiener,patchcore,screw,motion,4,16,0.9365443546550851,0.9494283473133849,0.7870808510913774,12.600713189433915
restormer_deblur,patchcore,screw,motion,4,16,0.9365443546550851,0.9494283473133849,0.8294049689771757,9.31569751080936
divide_lpres_on,patchcore,screw,motion,4,16,0.9365443546550851,0.9494283473133849,0.7655831275418021,14.269273869319633
divide_lpres_off,patchcore,screw,motion,4,16,0.9365443546550851,0.9494283473133849,0.8053345073201614,11.18394303806122
identity,patchcore,screw,noise,2,16,0.9365443546550851,0.9267275537262568,0.9267275537262568,0.0
wiener,patchcore,screw,noise,2,16,0.9365443546550851,0.9267275537262568,0.9296362311728297,0.29629585724114593
restormer_deblur,patchcore,screw,noise,2,16,0.9365443546550851,0.9267275537262568,0.9267275537262568,0.0
divide_lpres_on,patchcore,screw,noise,2,16,0.9365443546550851,0.9267275537262568,0.9209794395126619,-0.5855384310294822
divide_lpres_off,patchcore,screw,noise,2,16,0.9365443546550851,0.9267275537262568,0.9336711305208988,0.7073156362223113
identity,patchcore,screw,noise,3,16,0.9365443546550851,0.9114605295701381,0.9114605295701381,0.0
wiener,patchcore,screw,noise,3,16,0.9365443546550851,0.9114605295701381,0.9192912983377658,0.31218399670339664
restormer_deblur,patchcore,screw,noise,3,16,0.9365443546550851,0.9114605295701381,0.9114605295701381,0.0
divide_lpres_on,patchcore,screw,noise,3,16,0.9365443546550851,0.9114605295701381,0.9125663958890784,0.044086829468600985
divide_lpres_off,patchcore,screw,noise,3,16,0.9365443546550851,0.9114605295701381,0.9267279239063054,0.6086549513267572
identity,patchcore,screw,noise,4,16,0.9365443546550851,0.8925758710726839,0.8925758710726839,0.0
wiener,patchcore,screw,noise,4,16,0.9365443546550851,0.8925758710726839,0.9003155655580839,0.17602823328885273
restormer_deblur,patchcore,screw,noise,4,16,0.9365443546550851,0.8925758710726839,0.8925758710726839,0.0
divide_lpres_on,patchcore,screw,noise,4,16,0.9365443546550851,0.8925758710726839,0.8978012254458689,0.11884317919202804
divide_lpres_off,patchcore,screw,noise,4,16,0.9365443546550851,0.8925758710726839,0.9161955263324775,0.5371951301328837
identity,patchcore,screw,mixed,2,16,0.9365443546550851,0.9224270640986918,0.9224270640986918,0.0
wiener,patchcore,screw,mixed,2,16,0.9365443546550851,0.9224270640986918,0.9080599678912792,-1.0176950137862082
restormer_deblur,patchcore,screw,mixed,2,16,0.9365443546550851,0.9224270640986918,0.9244327768241248,0.1420749057633236
divide_lpres_on,patchcore,screw,mixed,2,16,0.9365443546550851,0.9224270640986918,0.898935625329358,-1.6640189330590196
divide_lpres_off,patchcore,screw,mixed,2,16,0.9365443546550851,0.9224270640986918,0.8554266016090775,-4.745985939863773
identity,patchcore,screw,mixed,3,16,0.9365443546550851,0.8951165841507978,0.8951165841507978,0.0
wiener,patchcore,screw,mixed,3,16,0.9365443546550851,0.8951165841507978,0.8731341933948439,-0.5306196903277456
restormer_deblur,patchcore,screw,mixed,3,16,0.9365443546550851,0.8951165841507978,0.8948604921891353,-0.006181649616793334
divide_lpres_on,patchcore,screw,mixed,3,16,0.9365443546550851,0.8951165841507978,0.8500778066350752,-1.087163923317127
divide_lpres_off,patchcore,screw,mixed,3,16,0.9365443546550851,0.8951165841507978,0.8150584843192674,-1.9324742523434881
identity,patchcore,screw,mixed,4,16,0.9365443546550851,0.8766582982773052,0.8766582982773052,0.0
wiener,patchcore,screw,mixed,4,16,0.9365443546550851,0.8766582982773052,0.8704684310122441,-0.1033607427080102
restormer_deblur,patchcore,screw,mixed,4,16,0.9365443546550851,0.8766582982773052,0.8700604712681035,-0.11017300868136323
divide_lpres_on,patchcore,screw,mixed,4,16,0.9365443546550851,0.8766582982773052,0.875015674127977,-0.027429158783909044
divide_lpres_off,patchcore,screw,mixed,4,16,0.9365443546550851,0.8766582982773052,0.7844590480620622,-1.5395779216721408
