detector,category,family,severity,restorer,n,auroc_clean,auroc_degraded,auroc_method,gap_closed,n_pixel_images,pix_auroc_clean,pix_auroc_degraded,pix_auroc_method,pix_gap_closed
padim,bottle,defocus,2,divide_lpres_off,16,1.0,1.0,0.5,,16,0.9865191025913644,0.9861414324527572,0.9167875501771806,-183.6361289546461
padim,bottle,defocus,2,divide_lpres_on,16,1.0,1.0,0.5,,16,0.9865191025913644,0.9861414324527572,0.9503472993465186,-94.7761801826594
padim,bottle,defocus,2,identity,16,1.0,1.0,1.0,,16,0.9865191025913644,0.9861414324527572,0.9861414324527572,0.0
padim,bottle,defocus,2,restormer_deblur,16,1.0,1.0,0.9375,,16,0.9865191025913644,0.9861414324527572,0.9874144421387252,3.370691923546952
padim,bottle,defocus,2,wiener,16,1.0,1.0,0.5,,16,0.9865191025913644,0.9861414324527572,0.8992403825887185,-230.09775192853925
padim,bottle,defocus,3,divide_lpres_off,16,1.0,1.0,0.5,,16,0.9865191025913644,0.9847269382362044,0.886637604532302,-54.7323315640558
padim,bottle,defocus,3,divide_lpres_on,16,1.0,1.0,0.5,,16,0.9865191025913644,0.9847269382362044,0.9047036470498956,-44.651759173707056
padim,bottle,defocus,3,identity,16,1.0,1.0,1.0,,16,0.9865191025913644,0.9847269382362044,0.9847269382362044,0.0
padim,bottle,defocus,3,restormer_deblur,16,1.0,1.0,1.0,,16,0.9865191025913644,0.9847269382362044,0.9863324463360452,0.8958486955831974
padim,bottle,defocus,3,wiener,16,1.0,1.0,0.5,,16,0.9865191025913644,0.9847269382362044,0.8631719237540151,-67.82581861546592
padim,bottle,defocus,4,divide_lpres_off,16,1.0,1.0,0.5,,16,0.9865191025913644,0.9822762234080612,0.8515553167271298,-30.809481258705134
padim,bottle,defocus,4,divide_lpres_on,16,1.0,1.0,0.5,,16,0.9865191025913644,0.9822762234080612,0.8486583477811551,-31.49226500550023
padim,bottle,defocus,4,identity,16,1.0,1.0,1.0,,16,0.9865191025913644,0.9822762234080612,0.9822762234080612,0.0
padim,bottle,defocus,4,restormer_deblur,16,1.0,1.0,1.0,,16,0.9865191025913644,0.9822762234080612,0.985454316447975,0.7490416065629366
padim,bottle,defocus,4,wiener,16,1.0,1.0,0.5,,16,0.9865191025913644,0.9822762234080612,0.7611394390531345,-52.1195100782397
padim,bottle,mixed,2,divide_lpres_off,16,1.0,0.5,0.5,0.0,16,0.9865191025913644,0.9274200260512324,0.7862733848447373,-2.388305358894193
padim,bottle,mixed,2,divide_lpres_on,16,1.0,0.5,0.5,0.0,16,0.9865191025913644,0.9274200260512324,0.929763178488494,0.039647868874405
padim,bottle,mixed,2,identity,16,1.0,0.5,0.5,0.0,16,0.9865191025913644,0.9274200260512324,0.9274200260512324,0.0
padim,bottle,mixed,2,restormer_deblur,16,1.0,0.5,0.5,0.0,16,0.9865191025913644,0.9274200260512324,0.9274200260512324,0.0
padim,bottle,mixed,2,wiener,16,1.0,0.5,0.5,0.0,16,0.9865191025913644,0.9274200260512324,0.9205121902454138,-0.1168856809653839
padim,bottle,mixed,3,divide_lpres_off,16,1.0,0.5,0.5,0.0,16,0.9865191025913644,0.8628614614236786,0.7229543836213888,-1.131406652117592
padim,bottle,mixed,3,divide_lpres_on,16,1.0,0.5,0.5,0.0,16,0.9865191025913644,0.8628614614236786,0.8816028261975368,0.1515584851602016
padim,bottle,mixed,3,identity,16,1.0,0.5,0.5,0.0,16,0.9865191025913644,0.8628614614236786,0.8628614614236786,0.0
padim,bottle,mixed,3,restormer_deblur,16,1.0,0.5,0.5,0.0,16,0.9865191025913644,0.8628614614236786,0.8628614614236786,0.0
padim,bottle,mixed,3,wiener,16,1.0,0.5,0.5,0.0,16,0.9865191025913644,0.8628614614236786,0.8630769990144336,0.0017430187792658
padim,bottle,mixed,4,divide_lpres_off,16,1.0,0.5,0.5,0.0,16,0.9865191025913644,0.7665547413222394,0.6457047729524109,-0.5494070388155717
padim,bottle,mixed,4,divide_lpres_on,16,1.0,0.5,0.5,0.0,16,0.9865191025913644,0.7665547413222394,0.7665762764506073,9.7902806816695e-05
padim,bottle,mixed,4,identity,16,1.0,0.5,0.5,0.0,16,0.9865191025913644,0.7665547413222394,0.7665547413222394,0.0
padim,bottle,mixed,4,restormer_deblur,16,1.0,0.5,0.5,0.0,16,0.9865191025913644,0.7665547413222394,0.7650435818737322,-0.0068700194876492
padim,bottle,mixed,4,wiener,16,1.0,0.5,0.5,0.0,16,0.9865191025913644,0.7665547413222394,0.7485143288293349,-0.082015160950697
padim,bottle,motion,2,divide_lpres_off,16,1.0,1.0,0.5625,,16,0.9865191025913644,0.984798587392808,0.9134395229919016,-41.47540484430706
padim,bottle,motion,2,divide_lpres_on,16,1.0,1.0,0.75,,16,0.9865191025913644,0.984798587392808,0.932015486596644,-30.678659996990536
padim,bottle,motion,2,identity,16,1.0,1.0,1.0,,16,0.9865191025913644,0.984798587392808,0.984798587392808,0.0
padim,bottle,motion,2,restormer_deblur,16,1.0,1.0,1.0,,16,0.9865191025913644,0.984798587392808,0.986362277280192,0.9088497960937408
padim,bottle,motion,2,wiener,16,1.0,1.0,0.75,,16,0.9865191025913644,0.984798587392808,0.941788349208567,-24.998464541511098
padim,bottle,motion,3,divide_lpres_off,16,1.0,0.9375,0.5,-7.0,16,0.9865191025913644,0.9791782192398626,0.8366877474672878,-19.41053480211278
padim,bottle,motion,3,divide_lpres_on,16,1.0,0.9375,0.5,-7.0,16,0.9865191025913644,0.9791782192398626,0.8428511956738449,-18.570929006538297
padim,bottle,motion,3,identity,16,1.0,0.9375,0.9375,0.0,16,0.9865191025913644,0.9791782192398626,0.9791782192398626,0.0
padim,bottle,motion,3,restormer_deblur,16,1.0,0.9375,0.9375,0.0,16,0.9865191025913644,0.9791782192398626,0.9850183896996758,0.7955678056944587
padim,bottle,motion,3,wiener,16,1.0,0.9375,0.5,-7.0,16,0.9865191025913644,0.9791782192398626,0.8333041464003158,-19.87146040261014
padim,bottle,motion,4,divide_lpres_off,16,1.0,0.75,0.5,-1.0,16,0.9865191025913644,0.9652027494699806,0.8924764561679118,-3.4117605806179285
padim,bottle,motion,4,divide_lpres_on,16,1.0,0.75,0.6875,-0.25,16,0.9865191025913644,0.9652027494699806,0.909271967696317,-2.623843837413077
padim,bottle,motion,4,identity,16,1.0,0.75,0.75,0.0,16,0.9865191025913644,0.9652027494699806,0.9652027494699806,0.0
padim,bottle,motion,4,restormer_deblur,16,1.0,0.75,0.6875,-0.25,16,0.9865191025913644,0.9652027494699806,0.9702769298709016,0.2380416749538129
padim,bottle,motion,4,wiener,16,1.0,0.75,0.6875,-0.25,16,0.9865191025913644,0.9652027494699806,0.8609871570516541,-4.888997279454043
padim,bottle,noise,2,divide_lpres_off,16,1.0,0.5,0.5,0.0,16,0.9865191025913644,0.954144481437523,0.9357409954911784,-0.5684540943009895
padim,bottle,noise,2,divide_lpres_on,16,1.0,0.5,0.5,0.0,16,0.9865191025913644,0.954144481437523,0.9641355663034265,0.3086085492221433
padim,bottle,noise,2,identity,16,1.0,0.5,0.5,0.0,16,0.9865191025913644,0.954144481437523,0.954144481437523,0.0
padim,bottle,noise,2,restormer_deblur,16,1.0,0.5,0.5,0.0,16,0.9865191025913644,0.954144481437523,0.954144481437523,0.0
padim,bottle,noise,2,wiener,16,1.0,0.5,0.5,0.0,16,0.9865191025913644,0.954144481437523,0.949439798677978,-0.145320086903522
padim,bottle,noise,3,divide_lpres_off,16,1.0,0.5,0.5,0.0,16,0.9865191025913644,0.9362361731011892,0.903513525864262,-0.6507705014148181
padim,bottle,noise,3,divide_lpres_on,16,1.0,0.5,0.5,0.0,16,0.9865191025913644,0.9362361731011892,0.9487450091674624,0.2487690393758267
padim,bottle,noise,3,identity,16,1.0,0.5,0.5,0.0,16,0.9865191025913644,0.9362361731011892,0.9362361731011892,0.0
padim,bottle,noise,3,restormer_deblur,16,1.0,0.5,0.5,0.0,16,0.9865191025913644,0.9362361731011892,0.9362361731011892,0.0
padim,bottle,noise,3,wiener,16,1.0,0.5,0.5,0.0,16,0.9865191025913644,0.9362361731011892,0.9296632477016245,-0.1307188237878858
padim,bottle,noise,4,divide_lpres_off,16,1.0,0.5,0.5,0.0,16,0.9865191025913644,0.9009019819882824,0.8616558548481826,-0.4583911122407808
padim,bottle,noise,4,divide_lpres_on,16,1.0,0.5,0.5,0.0,16,0.9865191025913644,0.9009019819882824,0.9213097190003856,0.2383604688916457
padim,bottle,noise,4,identity,16,1.0,0.5,0.5,0.0,16,0.9865191025913644,0.9009019819882824,0.9009019819882824,0.0
padim,bottle,noise,4,restormer_deblur,16,1.0,0.5,0.5,0.0,16,0.9865191025913644,0.9009019819882824,0.9009019819882824,0.0
padim,bottle,noise,4,wiener,16,1.0,0.5,0.5,0.0,16,0.9865191025913644,0.9009019819882824,0.8894666850842425,-0.1335632035215659
padim,carpet,defocus,2,divide_lpres_off,16,0.9375,0.9375,0.7734375,,16,0.9805406564110744,0.994832588250716,0.9759765692660756,1.3193471110979975
padim,carpet,defocus,2,divide_lpres_on,16,0.9375,0.9375,0.8828125,,16,0.9805406564110744,0.994832588250716,0.9720420685003578,1.594642348289414
padim,carpet,defocus,2,identity,16,0.9375,0.9375,0.9375,,16,0.9805406564110744,0.994832588250716,0.994832588250716,-0.0
padim,carpet,defocus,2,restormer_deblur,16,0.9375,0.9375,0.890625,,16,0.9805406564110744,0.994832588250716,0.9929941110364412,0.1286374182932708
padim,carpet,defocus,2,wiener,16,0.9375,0.9375,0.5,,16,0.9805406564110744,0.994832588250716,0.922537077763413,5.058484136257708
padim,carpet,defocus,3,divide_lpres_off,16,0.9375,0.5,0.6171875,0.26785714285714285,16,0.9805406564110744,0.9632725154012816,0.9837554878011248,1.1861712495993135
padim,carpet,defocus,3,divide_lpres_on,16,0.9375,0.5,0.5625,0.14285714285714285,16,0.9805406564110744,0.9632725154012816,0.9638154687882428,0.0314424920814165
padim,carpet,defocus,3,identity,16,0.9375,0.5,0.5,0.0,16,0.9805406564110744,0.9632725154012816,0.9632725154012816,0.0
padim,carpet,defocus,3,restormer_deblur,16,0.9375,0.5,0.75,0.5714285714285714,16,0.9805406564110744,0.9632725154012816,0.9921462411601166,1.6720807261453643
padim,carpet,defocus,3,wiener,16,0.9375,0.5,0.5,0.0,16,0.9805406564110744,0.9632725154012816,0.9257547704223824,-2.172656857366553
padim,carpet,defocus,4,divide_lpres_off,16,0.9375,0.5,0.7265625,0.5178571428571429,16,0.9805406564110744,0.9305159363989464,0.987314344098958,1.1354068085986573
padim,carpet,defocus,4,divide_lpres_on,16,0.9375,0.5,0.546875,0.10714285714285714,16,0.9805406564110744,0.9305159363989464,0.9511542865225092,0.4125630312085545
padim,carpet,defocus,4,identity,16,0.9375,0.5,0.5,0.0,16,0.9805406564110744,0.9305159363989464,0.9305159363989464,0.0
padim,carpet,defocus,4,restormer_deblur,16,0.9375,0.5,0.5,0.0,16,0.9805406564110744,0.9305159363989464,0.9764539392142516,0.9183060455744247
padim,carpet,defocus,4,wiener,16,0.9375,0.5,0.5,0.0,16,0.9805406564110744,0.9305159363989464,0.892824686766251,-0.7534524855622816
padim,carpet,mixed,2,divide_lpres_off,16,0.9375,0.8125,0.59375,-1.75,16,0.9805406564110744,0.9501658298912248,0.8614859623031548,-2.919518487788514
padim,carpet,mixed,2,divide_lpres_on,16,0.9375,0.8125,0.765625,-0.375,16,0.9805406564110744,0.9501658298912248,0.9102527428212976,-1.314018601681372
padim,carpet,mixed,2,identity,16,0.9375,0.8125,0.8125,0.0,16,0.9805406564110744,0.9501658298912248,0.9501658298912248,0.0
padim,carpet,mixed,2,restormer_deblur,16,0.9375,0.8125,0.8125,0.0,16,0.9805406564110744,0.9501658298912248,0.932707710879074,-0.5747561718827245
padim,carpet,mixed,2,wiener,16,0.9375,0.8125,0.75,-0.5,16,0.9805406564110744,0.9501658298912248,0.907469080337966,-1.405662334412241
padim,carpet,mixed,3,divide_lpres_off,16,0.9375,0.625,0.46875,-0.5,16,0.9805406564110744,0.8498343623018682,0.7220625869920122,-0.9775487567806144
padim,carpet,mixed,3,divide_lpres_on,16,0.9375,0.625,0.625,0.0,16,0.9805406564110744,0.8498343623018682,0.8333645211108675,-0.1260064888477367
padim,carpet,mixed,3,identity,16,0.9375,0.625,0.625,0.0,16,0.9805406564110744,0.8498343623018682,0.8498343623018682,0.0
padim,carpet,mixed,3,restormer_deblur,16,0.9375,0.625,0.625,0.0,16,0.9805406564110744,0.8498343623018682,0.8472294018153185,-0.0199298779320696
padim,carpet,mixed,3,wiener,16,0.9375,0.625,0.625,0.0,16,0.9805406564110744,0.8498343623018682,0.8055505843807386,-0.3388037142582444
padim,carpet,mixed,4,divide_lpres_off,16,0.9375,0.5625,0.4375,-0.3333333333333333,16,0.9805406564110744,0.7801397762845096,0.6178031311144639,-0.8100595419916348
padim,carpet,mixed,4,divide_lpres_on,16,0.9375,0.5625,0.5625,0.0,16,0.9805406564110744,0.7801397762845096,0.7535184840909529,-0.1328401959948668
padim,carpet,mixed,4,identity,16,0.9375,0.5625,0.5625,0.0,16,0.9805406564110744,0.7801397762845096,0.7801397762845096,0.0
padim,carpet,mixed,4,restormer_deblur,16,0.9375,0.5625,0.5,-0.16666666666666666,16,0.9805406564110744,0.7801397762845096,0.7778572153398612,-0.011389974650844
padim,carpet,mixed,4,wiener,16,0.9375,0.5625,0.5,-0.16666666666666666,16,0.9805406564110744,0.7801397762845096,0.7367351651132779,-0.2165889248780703
padim,carpet,motion,2,divide_lpres_off,16,0.9375,0.5,0.625,0.2857142857142857,16,0.9805406564110744,0.9377953390266756,0.9670283802797328,0.683888740143652
padim,carpet,motion,2,divide_lpres_on,16,0.9375,0.5,0.5625,0.14285714285714285,16,0.9805406564110744,0.9377953390266756,0.9332307337042496,-0.1067860903073371
padim,carpet,motion,2,identity,16,0.9375,0.5,0.5,0.0,16,0.9805406564110744,0.9377953390266756,0.9377953390266756,0.0
padim,carpet,motion,2,restormer_deblur,16,0.9375,0.5,0.5625,0.14285714285714285,16,0.9805406564110744,0.9377953390266756,0.9562226455486,0.4310953257455511
padim,carpet,motion,2,wiener,16,0.9375,0.5,0.5625,0.14285714285714285,16,0.9805406564110744,0.9377953390266756,0.9121325846904654,-0.6003641078490772
padim,carpet,motion,3,divide_lpres_off,16,0.9375,0.5,0.5078125,0.017857142857142856,16,0.9805406564110744,0.8882004396552748,0.9618532872106108,0.7976248068608758
padim,carpet,motion,3,divide_lpres_on,16,0.9375,0.5,0.5625,0.14285714285714285,16,0.9805406564110744,0.8882004396552748,0.9189244421032166,0.3327261244057241
padim,carpet,motion,3,identity,16,0.9375,0.5,0.5,0.0,16,0.9805406564110744,0.8882004396552748,0.8882004396552748,0.0
padim,carpet,motion,3,restormer_deblur,16,0.9375,0.5,0.625,0.2857142857142857,16,0.9805406564110744,0.8882004396552748,0.9509512464072564,0.6795609644054733
padim,carpet,motion,3,wiener,16,0.9375,0.5,0.5,0.0,16,0.9805406564110744,0.8882004396552748,0.8874146976917611,-0.0085092064012772
padim,carpet,motion,4,divide_lpres_off,16,0.9375,0.5,0.5625,0.14285714285714285,16,0.9805406564110744,0.8492931952523054,0.9166787282020724,0.5134235158137753
padim,carpet,motion,4,divide_lpres_on,16,0.9375,0.5,0.5,0.0,16,0.9805406564110744,0.8492931952523054,0.8532491824158744,0.0301414376220467
padim,carpet,motion,4,identity,16,0.9375,0.5,0.5,0.0,16,0.9805406564110744,0.8492931952523054,0.8492931952523054,0.0
padim,carpet,motion,4,restormer_deblur,16,0.9375,0.5,0.5,0.0,16,0.9805406564110744,0.8492931952523054,0.9141662934661802,0.4942807856328609
padim,carpet,motion,4,wiener,16,0.9375,0.5,0.5,0.0,16,0.9805406564110744,0.8492931952523054,0.8138766399153669,-0.2698456413880297
padim,carpet,noise,2,divide_lpres_off,16,0.9375,0.765625,0.7734375,0.045454545454545456,16,0.9805406564110744,0.945447039807394,0.8836055190552036,-1.7621871649929746
padim,carpet,noise,2,divide_lpres_on,16,0.9375,0.765625,0.6640625,-0.5909090909090909,16,0.9805406564110744,0.945447039807394,0.8911291051932726,-1.547800992629082
padim,carpet,noise,2,identity,16,0.9375,0.765625,0.765625,0.0,16,0.9805406564110744,0.945447039807394,0.945447039807394,0.0
padim,carpet,noise,2,restormer_deblur,16,0.9375,0.765625,0.765625,0.0,16,0.9805406564110744,0.945447039807394,0.9434348047751568,-0.0573390612589634
padim,carpet,noise,2,wiener,16,0.9375,0.765625,0.6875,-0.45454545454545453,16,0.9805406564110744,0.945447039807394,0.8917364109018505,-1.5304956884925391
padim,carpet,noise,3,divide_lpres_off,16,0.9375,0.453125,0.703125,0.5161290322580645,16,0.9805406564110744,0.9265593294394951,0.8265503608630858,-1.852658580050528
padim,carpet,noise,3,divide_lpres_on,16,0.9375,0.453125,0.4375,-0.03225806451612903,16,0.9805406564110744,0.9265593294394951,0.8209755740341008,-1.955931084483774
padim,carpet,noise,3,identity,16,0.9375,0.453125,0.453125,0.0,16,0.9805406564110744,0.9265593294394951,0.9265593294394951,0.0
padim,carpet,noise,3,restormer_deblur,16,0.9375,0.453125,0.4375,-0.03225806451612903,16,0.9805406564110744,0.9265593294394951,0.9200987814364302,-0.1196811632004965
padim,carpet,noise,3,wiener,16,0.9375,0.453125,0.25,-0.41935483870967744,16,0.9805406564110744,0.9265593294394951,0.8300044892579224,-1.788671112742524
padim,carpet,noise,4,divide_lpres_off,16,0.9375,0.375,0.765625,0.6944444444444444,16,0.9805406564110744,0.9166345892099728,0.8759700334738246,-0.6363176067177377
padim,carpet,noise,4,divide_lpres_on,16,0.9375,0.375,0.3671875,-0.013888888888888888,16,0.9805406564110744,0.9166345892099728,0.9036204124246886,-0.2036454026239885
padim,carpet,noise,4,identity,16,0.9375,0.375,0.375,0.0,16,0.9805406564110744,0.9166345892099728,0.9166345892099728,0.0
padim,carpet,noise,4,restormer_deblur,16,0.9375,0.375,0.375,0.0,16,0.9805406564110744,0.9166345892099728,0.9166345892099728,0.0
padim,carpet,noise,4,wiener,16,0.9375,0.375,0.3125,-0.1111111111111111,16,0.9805406564110744,0.9166345892099728,0.905211796274579,-0.1787434814201282
padim,screw,defocus,2,divide_lpres_off,16,0.6640625,0.734375,0.71875,0.2222222222222222,16,0.9434001299263388,0.9215350173939234,0.92709176877294,0.2541377900881346
padim,screw,defocus,2,divide_lpres_on,16,0.6640625,0.734375,0.734375,-0.0,16,0.9434001299263388,0.9215350173939234,0.9139317773226032,-0.3477338641659547
padim,screw,defocus,2,identity,16,0.6640625,0.734375,0.734375,-0.0,16,0.9434001299263388,0.9215350173939234,0.9215350173939234,0.0
padim,screw,defocus,2,restormer_deblur,16,0.6640625,0.734375,0.703125,0.4444444444444444,16,0.9434001299263388,0.9215350173939234,0.9428770549873756,0.9760771897154452
padim,screw,defocus,2,wiener,16,0.6640625,0.734375,0.6875,0.6666666666666666,16,0.9434001299263388,0.9215350173939234,0.8411112082951492,-3.678179519064634
padim,screw,defocus,3,divide_lpres_off,16,0.6640625,0.703125,0.6875,0.4,16,0.9434001299263388,0.9141557481323312,0.9072717230742318,-0.2353964979184453
padim,screw,defocus,3,divide_lpres_on,16,0.6640625,0.703125,0.671875,0.8,16,0.9434001299263388,0.9141557481323312,0.8946924431374136,-0.6655399704467546
padim,screw,defocus,3,identity,16,0.6640625,0.703125,0.703125,-0.0,16,0.9434001299263388,0.9141557481323312,0.9141557481323312,0.0
padim,screw,defocus,3,restormer_deblur,16,0.6640625,0.703125,0.765625,-1.6,16,0.9434001299263388,0.9141557481323312,0.9355944397094728,0.7330875286799377
padim,screw,defocus,3,wiener,16,0.6640625,0.703125,0.75,-1.2,16,0.9434001299263388,0.9141557481323312,0.8013698004274792,-3.856670607684445
padim,screw,defocus,4,divide_lpres_off,16,0.6640625,0.6875,0.703125,-0.6666666666666666,16,0.9434001299263388,0.9081819380321806,0.8982813565291137,-0.2811212322546622
padim,screw,defocus,4,divide_lpres_on,16,0.6640625,0.6875,0.78125,-4.0,16,0.9434001299263388,0.9081819380321806,0.901490774349338,-0.1899916867666476
padim,screw,defocus,4,identity,16,0.6640625,0.6875,0.6875,-0.0,16,0.9434001299263388,0.9081819380321806,0.9081819380321806,0.0
padim,screw,defocus,4,restormer_deblur,16,0.6640625,0.6875,0.6875,-0.0,16,0.9434001299263388,0.9081819380321806,0.9247547465240502,0.4705752226484559
padim,screw,defocus,4,wiener,16,0.6640625,0.6875,0.78125,-4.0,16,0.9434001299263388,0.9081819380321806,0.7586166163246011,-4.246820000216653
padim,screw,mixed,2,divide_lpres_off,16,0.6640625,0.6875,0.5,8.0,16,0.9434001299263388,0.9155645470144304,0.901284883500394,-0.513000340579443
padim,screw,mixed,2,divide_lpres_on,16,0.6640625,0.6875,0.7265625,-1.6666666666666667,16,0.9434001299263388,0.9155645470144304,0.9201822903939056,0.1658935397217647
padim,screw,mixed,2,identity,16,0.6640625,0.6875,0.6875,-0.0,16,0.9434001299263388,0.9155645470144304,0.9155645470144304,0.0
padim,screw,mixed,2,restormer_deblur,16,0.6640625,0.6875,0.6875,-0.0,16,0.9434001299263388,0.9155645470144304,0.9150550426438424,-0.0183040668557315
padim,screw,mixed,2,wiener,16,0.6640625,0.6875,0.71875,-1.3333333333333333,16,0.9434001299263388,0.9155645470144304,0.8825833634142649,-1.1848569402890243
padim,screw,mixed,3,divide_lpres_off,16,0.6640625,0.6875,0.53125,6.666666666666667,16,0.9434001299263388,0.8945991974562428,0.8194021640492355,-1.5408933723364011
padim,screw,mixed,3,divide_lpres_on,16,0.6640625,0.6875,0.6875,-0.0,16,0.9434001299263388,0.8945991974562428,0.8808624411895213,-0.2814855284812245
padim,screw,mixed,3,identity,16,0.6640625,0.6875,0.6875,-0.0,16,0.9434001299263388,0.8945991974562428,0.8945991974562428,0.0
padim,screw,mixed,3,restormer_deblur,16,0.6640625,0.6875,0.671875,0.6666666666666666,16,0.9434001299263388,0.8945991974562428,0.8932100777883394,-0.0284650230557513
padim,screw,mixed,3,wiener,16,0.6640625,0.6875,0.578125,4.666666666666667,16,0.9434001299263388,0.8945991974562428,0.8130011791333478,-1.6720585897184674
padim,screw,mixed,4,divide_lpres_off,16,0.6640625,0.765625,0.640625,1.2307692307692308,16,0.9434001299263388,0.8507509729782967,0.7980429880105573,-0.5688987002579867
padim,screw,mixed,4,divide_lpres_on,16,0.6640625,0.765625,0.875,-1.0769230769230769,16,0.9434001299263388,0.8507509729782967,0.8690052591341801,0.1970259283214034
padim,screw,mixed,4,identity,16,0.6640625,0.765625,0.765625,-0.0,16,0.9434001299263388,0.8507509729782967,0.8507509729782967,0.0
padim,screw,mixed,4,restormer_deblur,16,0.6640625,0.765625,0.78125,-0.15384615384615385,16,0.9434001299263388,0.8507509729782967,0.8496083702721405,-0.012332575317409
padim,screw,mixed,4,wiener,16,0.6640625,0.765625,0.84375,-0.7692307692307693,16,0.9434001299263388,0.8507509729782967,0.7953069867313101,-0.5984294738707631
padim,screw,motion,2,divide_lpres_off,16,0.6640625,0.6875,0.671875,0.6666666666666666,16,0.9434001299263388,0.9190859418333264,0.9099394181692954,-0.3761805094639252
padim,screw,motion,2,divide_lpres_on,16,0.6640625,0.6875,0.59375,4.0,16,0.9434001299263388,0.9190859418333264,0.8931761810682068,-1.0656231113292134
padim,screw,motion,2,identity,16,0.6640625,0.6875,0.6875,-0.0,16,0.9434001299263388,0.9190859418333264,0.9190859418333264,0.0
padim,screw,motion,2,restormer_deblur,16,0.6640625,0.6875,0.703125,-0.6666666666666666,16,0.9434001299263388,0.9190859418333264,0.9325282845381389,0.5528600277907495
padim,screw,motion,2,wiener,16,0.6640625,0.6875,0.6015625,3.6666666666666665,16,0.9434001299263388,0.9190859418333264,0.8681340237843398,-2.095563210010272
padim,screw,motion,3,divide_lpres_off,16,0.6640625,0.671875,0.71875,-6.0,16,0.9434001299263388,0.9173727185975734,0.9042515207202952,-0.5041299617367867
padim,screw,motion,3,divide_lpres_on,16,0.6640625,0.671875,0.65625,2.0,16,0.9434001299263388,0.9173727185975734,0.8954235365830768,-0.8433102215677641
padim,screw,motion,3,identity,16,0.6640625,0.671875,0.671875,-0.0,16,0.9434001299263388,0.9173727185975734,0.9173727185975734,0.0
padim,screw,motion,3,restormer_deblur,16,0.6640625,0.671875,0.640625,4.0,16,0.9434001299263388,0.9173727185975734,0.9311314210600284,0.5286235457173104
padim,screw,motion,3,wiener,16,0.6640625,0.671875,0.53125,18.0,16,0.9434001299263388,0.9173727185975734,0.7974941292616877,-4.605859100685737
padim,screw,motion,4,divide_lpres_off,16,0.6640625,0.640625,0.703125,2.6666666666666665,16,0.9434001299263388,0.921652618546228,0.906378923589029,-0.702319207482623
padim,screw,motion,4,divide_lpres_on,16,0.6640625,0.640625,0.71875,3.3333333333333335,16,0.9434001299263388,0.921652618546228,0.8958671588952843,-1.1856740387557845
padim,screw,motion,4,identity,16,0.6640625,0.640625,0.640625,0.0,16,0.9434001299263388,0.921652618546228,0.921652618546228,0.0
padim,screw,motion,4,restormer_deblur,16,0.6640625,0.640625,0.6875,2.0,16,0.9434001299263388,0.921652618546228,0.9291707271966404,0.3456997225571384
padim,screw,motion,4,wiener,16,0.6640625,0.640625,0.625,-0.6666666666666666,16,0.9434001299263388,0.921652618546228,0.7820954133507726,-6.417157474077067
padim,screw,noise,2,divide_lpres_off,16,0.6640625,0.65625,0.703125,6.0,16,0.9434001299263388,0.9302347304992016,0.9445074353843448,1.084107243698473
padim,screw,noise,2,divide_lpres_on,16,0.6640625,0.65625,0.640625,-2.0,16,0.9434001299263388,0.9302347304992016,0.9387218074324328,0.6446501665370673
padim,screw,noise,2,identity,16,0.6640625,0.65625,0.65625,0.0,16,0.9434001299263388,0.9302347304992016,0.9302347304992016,0.0
padim,screw,noise,2,restormer_deblur,16,0.6640625,0.65625,0.65625,0.0,16,0.9434001299263388,0.9302347304992016,0.9302347304992016,0.0
padim,screw,noise,2,wiener,16,0.6640625,0.65625,0.640625,-2.0,16,0.9434001299263388,0.9302347304992016,0.9268600771036278,-0.2563274600402809
padim,screw,noise,3,divide_lpres_off,16,0.6640625,0.609375,0.65625,0.8571428571428571,16,0.9434001299263388,0.914215164865209,0.9390542334361964,0.8510912560272139
padim,screw,noise,3,divide_lpres_on,16,0.6640625,0.609375,0.640625,0.5714285714285714,16,0.9434001299263388,0.914215164865209,0.9316379901809384,0.5969794817035403
padim,screw,noise,3,identity,16,0.6640625,0.609375,0.609375,0.0,16,0.9434001299263388,0.914215164865209,0.914215164865209,0.0
padim,screw,noise,3,restormer_deblur,16,0.6640625,0.609375,0.609375,0.0,16,0.9434001299263388,0.914215164865209,0.914215164865209,0.0
padim,screw,noise,3,wiener,16,0.6640625,0.609375,0.609375,0.0,16,0.9434001299263388,0.914215164865209,0.9174396963456964,0.1104860490233037
padim,screw,noise,4,divide_lpres_off,16,0.6640625,0.578125,0.5625,-0.18181818181818182,16,0.9434001299263388,0.8949004643441867,0.9404545643484312,0.9392662703432788
padim,screw,noise,4,divide_lpres_on,16,0.6640625,0.578125,0.578125,0.0,16,0.9434001299263388,0.8949004643441867,0.9206391970667196,0.530699179336292
padim,screw,noise,4,identity,16,0.6640625,0.578125,0.578125,0.0,16,0.9434001299263388,0.8949004643441867,0.8949004643441867,0.0
padim,screw,noise,4,restormer_deblur,16,0.6640625,0.578125,0.578125,0.0,16,0.9434001299263388,0.8949004643441867,0.8949004643441867,0.0
padim,screw,noise,4,wiener,16,0.6640625,0.578125,0.578125,0.0,16,0.9434001299263388,0.8949004643441867,0.9056971936933484,0.2226145112459253
patchcore,bottle,defocus,2,divide_lpres_off,16,1.0,0.8125,0.5625,-1.3333333333333333,16,0.9682322615134492,0.9589011563257088,0.9476165204443344,-1.2093568397664605
patchcore,bottle,defocus,2,divide_lpres_on,16,1.0,0.8125,1.0,1.0,16,0.9682322615134492,0.9589011563257088,0.9666589079320668,0.8313861488294262
patchcore,bottle,defocus,2,identity,16,1.0,0.8125,0.8125,0.0,16,0.9682322615134492,0.9589011563257088,0.9589011563257088,0.0
patchcore,bottle,defocus,2,restormer_deblur,16,1.0,0.8125,0.875,0.3333333333333333,16,0.9682322615134492,0.9589011563257088,0.9545702831801546,-0.4641329251377559
patchcore,bottle,defocus,2,wiener,16,1.0,0.8125,1.0,1.0,16,0.9682322615134492,0.9589011563257088,0.9638132910259106,0.5264258200256461
patchcore,bottle,defocus,3,divide_lpres_off,16,1.0,0.5,0.5,0.0,16,0.9682322615134492,0.9376425785635332,0.913706281758898,-0.7824957468119417
patchcore,bottle,defocus,3,divide_lpres_on,16,1.0,0.5,0.9375,0.875,16,0.9682322615134492,0.9376425785635332,0.9592639008491256,0.7068174691771957
patchcore,bottle,defocus,3,identity,16,1.0,0.5,0.5,0.0,16,0.9682322615134492,0.9376425785635332,0.9376425785635332,0.0
patchcore,bottle,defocus,3,restormer_deblur,16,1.0,0.5,0.5,0.0,16,0.9682322615134492,0.9376425785635332,0.9487570941963852,0.3633419689589294
patchcore,bottle,defocus,3,wiener,16,1.0,0.5,1.0,1.0,16,0.9682322615134492,0.9376425785635332,0.9569499043969208,0.6311711652912244
patchcore,bottle,defocus,4,divide_lpres_off,16,1.0,0.5,0.5,0.0,16,0.9682322615134492,0.8743290464211305,0.7507700555907769,-1.3158121445456303
patchcore,bottle,defocus,4,divide_lpres_on,16,1.0,0.5,0.5,0.0,16,0.9682322615134492,0.8743290464211305,0.8904200546411969,0.1713573726335873
patchcore,bottle,defocus,4,identity,16,1.0,0.5,0.5,0.0,16,0.9682322615134492,0.8743290464211305,0.8743290464211305,0.0
patchcore,bottle,defocus,4,restormer_deblur,16,1.0,0.5,0.5,0.0,16,0.9682322615134492,0.8743290464211305,0.9406332601806234,0.7060909862810069
patchcore,bottle,defocus,4,wiener,16,1.0,0.5,0.5,0.0,16,0.9682322615134492,0.8743290464211305,0.93380615821431,0.6333873843904698
patchcore,bottle,mixed,2,divide_lpres_off,16,1.0,0.5,0.5,0.0,16,0.9682322615134492,0.7386300858833674,0.5560122434252236,-0.795366341616746
patchcore,bottle,mixed,2,divide_lpres_on,16,1.0,0.5,0.5,0.0,16,0.9682322615134492,0.7386300858833674,0.7568892200371421,0.079525092058328
patchcore,bottle,mixed,2,identity,16,1.0,0.5,0.5,0.0,16,0.9682322615134492,0.7386300858833674,0.7386300858833674,0.0
patchcore,bottle,mixed,2,restormer_deblur,16,1.0,0.5,0.5,0.0,16,0.9682322615134492,0.7386300858833674,0.7386300858833674,0.0
patchcore,bottle,mixed,2,wiener,16,1.0,0.5,0.5,0.0,16,0.9682322615134492,0.7386300858833674,0.7354153203859349,-0.0140014592135742
patchcore,bottle,mixed,3,divide_lpres_off,16,1.0,0.5,0.5,0.0,16,0.9682322615134492,0.6071253840085292,0.5293405959445437,-0.2154065538752461
patchcore,bottle,mixed,3,divide_lpres_on,16,1.0,0.5,0.5,0.0,16,0.9682322615134492,0.6071253840085292,0.6147326770618226,0.0210665969749902
patchcore,bottle,mixed,3,identity,16,1.0,0.5,0.5,0.0,16,0.9682322615134492,0.6071253840085292,0.6071253840085292,0.0
patchcore,bottle,mixed,3,restormer_deblur,16,1.0,0.5,0.5,0.0,16,0.9682322615134492,0.6071253840085292,0.6071253840085292,0.0
patchcore,bottle,mixed,3,wiener,16,1.0,0.5,0.5,0.0,16,0.9682322615134492,0.6071253840085292,0.6019582141641304,-0.0143092534822419
patchcore,bottle,mixed,4,divide_lpres_off,16,1.0,0.5,0.5,0.0,16,0.9682322615134492,0.5560489370073122,0.5193441429908123,-0.0890496821055974
patchcore,bottle,mixed,4,divide_lpres_on,16,1.0,0.5,0.5,0.0,16,0.9682322615134492,0.5560489370073122,0.5560891980209928,9.767744420237607e-05
patchcore,bottle,mixed,4,identity,16,1.0,0.5,0.5,0.0,16,0.9682322615134492,0.5560489370073122,0.5560489370073122,0.0
patchcore,bottle,mixed,4,restormer_deblur,16,1.0,0.5,0.5,0.0,16,0.9682322615134492,0.5560489370073122,0.5565952636739653,0.0013254458251257
patchcore,bottle,mixed,4,wiener,16,1.0,0.5,0.5,0.0,16,0.9682322615134492,0.5560489370073122,0.5516880067026944,-0.0105800745574628
patchcore,bottle,motion,2,divide_lpres_off,16,1.0,0.5,0.5,0.0,16,0.9682322615134492,0.9537228043785932,0.8449540047617338,-7.496407247075023
patchcore,bottle,motion,2,divide_lpres_on,16,1.0,0.5,0.5,0.0,16,0.9682322615134492,0.9537228043785932,0.9350235004438676,-1.288766613452696
patchcore,bottle,motion,2,identity,16,1.0,0.5,0.5,0.0,16,0.9682322615134492,0.9537228043785932,0.9537228043785932,0.0
patchcore,bottle,motion,2,restormer_deblur,16,1.0,0.5,0.75,0.5,16,0.9682322615134492,0.9537228043785932,0.9597757585012122,0.4171730249009769
patchcore,bottle,motion,2,wiener,16,1.0,0.5,0.5625,0.125,16,0.9682322615134492,0.9537228043785932,0.9519163702593024,-0.1245004621813944
patchcore,bottle,motion,3,divide_lpres_off,16,1.0,0.5,0.5,0.0,16,0.9682322615134492,0.9010327398368064,0.8012415681206159,-1.484998244427617
patchcore,bottle,motion,3,divide_lpres_on,16,1.0,0.5,0.5,0.0,16,0.9682322615134492,0.9010327398368064,0.8751886861852674,-0.3845868691729358
patchcore,bottle,motion,3,identity,16,1.0,0.5,0.5,0.0,16,0.9682322615134492,0.9010327398368064,0.9010327398368064,0.0
patchcore,bottle,motion,3,restormer_deblur,16,1.0,0.5,0.6875,0.375,16,0.9682322615134492,0.9010327398368064,0.9569040577055437,0.8314243386669343
patchcore,bottle,motion,3,wiener,16,1.0,0.5,0.5,0.0,16,0.9682322615134492,0.9010327398368064,0.9271740024885022,0.3890096536324308
patchcore,bottle,motion,4,divide_lpres_off,16,1.0,0.5,0.5,0.0,16,0.9682322615134492,0.8282563698917794,0.6979542308719414,-0.9308898661779677
patchcore,bottle,motion,4,divide_lpres_on,16,1.0,0.5,0.5,0.0,16,0.9682322615134492,0.8282563698917794,0.8114385429174061,-0.1201480253458852
patchcore,bottle,motion,4,identity,16,1.0,0.5,0.5,0.0,16,0.9682322615134492,0.8282563698917794,0.8282563698917794,0.0
patchcore,bottle,motion,4,restormer_deblur,16,1.0,0.5,0.5,0.0,16,0.9682322615134492,0.8282563698917794,0.8552374043889204,0.1927548678887213
patchcore,bottle,motion,4,wiener,16,1.0,0.5,0.5,0.0,16,0.9682322615134492,0.8282563698917794,0.8166397323751232,-0.0829902734111808
patchcore,bottle,noise,2,divide_lpres_off,16,1.0,0.5,0.5,0.0,16,0.9682322615134492,0.8568738399921948,0.6391446114455437,-1.955211160254225
patchcore,bottle,noise,2,divide_lpres_on,16,1.0,0.5,0.5,0.0,16,0.9682322615134492,0.8568738399921948,0.8863548799406379,0.2647401026855985
patchcore,bottle,noise,2,identity,16,1.0,0.5,0.5,0.0,16,0.9682322615134492,0.8568738399921948,0.8568738399921948,0.0
patchcore,bottle,noise,2,restormer_deblur,16,1.0,0.5,0.5,0.0,16,0.9682322615134492,0.8568738399921948,0.8568738399921948,0.0
patchcore,bottle,noise,2,wiener,16,1.0,0.5,0.5,0.0,16,0.9682322615134492,0.8568738399921948,0.8618828088529382,0.04498060220607
patchcore,bottle,noise,3,divide_lpres_off,16,1.0,0.5,0.5,0.0,16,0.9682322615134492,0.7189541717545036,0.5974087196182236,-0.4875897928045565
patchcore,bottle,noise,3,divide_lpres_on,16,1.0,0.5,0.5,0.0,16,0.9682322615134492,0.7189541717545036,0.7508363078917702,0.1278978676709893
patchcore,bottle,noise,3,identity,16,1.0,0.5,0.5,0.0,16,0.9682322615134492,0.7189541717545036,0.7189541717545036,0.0
patchcore,bottle,noise,3,restormer_deblur,16,1.0,0.5,0.5,0.0,16,0.9682322615134492,0.7189541717545036,0.7189541717545036,0.0
patchcore,bottle,noise,3,wiener,16,1.0,0.5,0.5,0.0,16,0.9682322615134492,0.7189541717545036,0.7219202363066687,0.0118986171429398
patchcore,bottle,noise,4,divide_lpres_off,16,1.0,0.5,0.5,0.0,16,0.9682322615134492,0.6100822751651721,0.5762997172555647,-0.0943251687765138
patchcore,bottle,noise,4,divide_lpres_on,16,1.0,0.5,0.5,0.0,16,0.9682322615134492,0.6100822751651721,0.6372977011470822,0.0759889069364499
patchcore,bottle,noise,4,identity,16,1.0,0.5,0.5,0.0,16,0.9682322615134492,0.6100822751651721,0.6100822751651721,0.0
patchcore,bottle,noise,4,restormer_deblur,16,1.0,0.5,0.5,0.0,16,0.9682322615134492,0.6100822751651721,0.6100822751651721,0.0
patchcore,bottle,noise,4,wiener,16,1.0,0.5,0.5,0.0,16,0.9682322615134492,0.6100822751651721,0.6098911627584604,-0.0005336099790488
patchcore,carpet,defocus,2,divide_lpres_off,16,0.8125,0.5,0.8125,1.0,16,0.9839746633164697,0.6746213766542148,0.9805918077668058,0.9890647499298848
patchcore,carpet,defocus,2,divide_lpres_on,16,0.8125,0.5,0.75,0.8,16,0.9839746633164697,0.6746213766542148,0.9774244925144066,0.978826244670824
patchcore,carpet,defocus,2,identity,16,0.8125,0.5,0.5,0.0,16,0.9839746633164697,0.6746213766542148,0.6746213766542148,0.0
patchcore,carpet,defocus,2,restormer_deblur,16,0.8125,0.5,0.5,0.0,16,0.9839746633164697,0.6746213766542148,0.934971862662767,0.841595991487872
patchcore,carpet,defocus,2,wiener,16,0.8125,0.5,0.625,0.4,16,0.9839746633164697,0.6746213766542148,0.9714840760422204,0.9596235507661304
patchcore,carpet,defocus,3,divide_lpres_off,16,0.8125,0.5,0.6875,0.6,16,0.9839746633164697,0.535229104528036,0.9142414502070484,0.8446041153082524
patchcore,carpet,defocus,3,divide_lpres_on,16,0.8125,0.5,0.5625,0.2,16,0.9839746633164697,0.535229104528036,0.9107925752179076,0.8369185239489698
patchcore,carpet,defocus,3,identity,16,0.8125,0.5,0.5,0.0,16,0.9839746633164697,0.535229104528036,0.535229104528036,0.0
patchcore,carpet,defocus,3,restormer_deblur,16,0.8125,0.5,0.5,0.0,16,0.9839746633164697,0.535229104528036,0.6429473257463875,0.2400429800557347
patchcore,carpet,defocus,3,wiener,16,0.8125,0.5,0.5,0.0,16,0.9839746633164697,0.535229104528036,0.8519184548113399,0.7057214140198563
patchcore,carpet,defocus,4,divide_lpres_off,16,0.8125,0.5,0.5,0.0,16,0.9839746633164697,0.5048914564812401,0.7587829033098775,0.5299527163680317
patchcore,carpet,defocus,4,divide_lpres_on,16,0.8125,0.5,0.5,0.0,16,0.9839746633164697,0.5048914564812401,0.7890196816571589,0.5930665511171604
patchcore,carpet,defocus,4,identity,16,0.8125,0.5,0.5,0.0,16,0.9839746633164697,0.5048914564812401,0.5048914564812401,0.0
patchcore,carpet,defocus,4,restormer_deblur,16,0.8125,0.5,0.5,0.0,16,0.9839746633164697,0.5048914564812401,0.5180392667882895,0.0274436885273068
patchcore,carpet,defocus,4,wiener,16,0.8125,0.5,0.5,0.0,16,0.9839746633164697,0.5048914564812401,0.6019517562910839,0.2025959132464971
patchcore,carpet,mixed,2,divide_lpres_off,16,0.8125,0.5,0.5625,0.2,16,0.9839746633164697,0.7029483875326982,0.8273395598097443,0.4426318212776508
patchcore,carpet,mixed,2,divide_lpres_on,16,0.8125,0.5,0.5625,0.2,16,0.9839746633164697,0.7029483875326982,0.7904588847382696,0.311396138889533
patchcore,carpet,mixed,2,identity,16,0.8125,0.5,0.5,0.0,16,0.9839746633164697,0.7029483875326982,0.7029483875326982,0.0
patchcore,carpet,mixed,2,restormer_deblur,16,0.8125,0.5,0.5,0.0,16,0.9839746633164697,0.7029483875326982,0.7071265166652188,0.0148673967260461
patchcore,carpet,mixed,2,wiener,16,0.8125,0.5,0.5625,0.2,16,0.9839746633164697,0.7029483875326982,0.7417827392156295,0.1381876181315212
patchcore,carpet,mixed,3,divide_lpres_off,16,0.8125,0.5,0.5,0.0,16,0.9839746633164697,0.6046057394376394,0.709738294523006,0.2771248472606726
patchcore,carpet,mixed,3,divide_lpres_on,16,0.8125,0.5,0.5,0.0,16,0.9839746633164697,0.6046057394376394,0.6585970907055088,0.1423188560513568
patchcore,carpet,mixed,3,identity,16,0.8125,0.5,0.5,0.0,16,0.9839746633164697,0.6046057394376394,0.6046057394376394,0.0
patchcore,carpet,mixed,3,restormer_deblur,16,0.8125,0.5,0.5,0.0,16,0.9839746633164697,0.6046057394376394,0.6053538161565266,0.0019718977275169
patchcore,carpet,mixed,3,wiener,16,0.8125,0.5,0.5,0.0,16,0.9839746633164697,0.6046057394376394,0.598525082288439,-0.016028348044508
patchcore,carpet,mixed,4,divide_lpres_off,16,0.8125,0.5,0.5,0.0,16,0.9839746633164697,0.5318410409366886,0.5828780278194579,0.1128803175798756
patchcore,carpet,mixed,4,divide_lpres_on,16,0.8125,0.5,0.5,0.0,16,0.9839746633164697,0.5318410409366886,0.5740967576907113,0.0934584703778764
patchcore,carpet,mixed,4,identity,16,0.8125,0.5,0.5,0.0,16,0.9839746633164697,0.5318410409366886,0.5318410409366886,0.0
patchcore,carpet,mixed,4,restormer_deblur,16,0.8125,0.5,0.5,0.0,16,0.9839746633164697,0.5318410409366886,0.5267502582071255,-0.0112594650731083
patchcore,carpet,mixed,4,wiener,16,0.8125,0.5,0.5,0.0,16,0.9839746633164697,0.5318410409366886,0.5265658934931804,-0.0116672310626729
patchcore,carpet,motion,2,divide_lpres_off,16,0.8125,0.5,0.625,0.4,16,0.9839746633164697,0.5159596135097829,0.9214371027005052,0.8663770307348119
patchcore,carpet,motion,2,divide_lpres_on,16,0.8125,0.5,0.5625,0.2,16,0.9839746633164697,0.5159596135097829,0.9084325138273536,0.8385903412287306
patchcore,carpet,motion,2,identity,16,0.8125,0.5,0.5,0.0,16,0.9839746633164697,0.5159596135097829,0.5159596135097829,0.0
patchcore,carpet,motion,2,restormer_deblur,16,0.8125,0.5,0.5,0.0,16,0.9839746633164697,0.5159596135097829,0.5790364771860732,0.1347752891757309
patchcore,carpet,motion,2,wiener,16,0.8125,0.5,0.5,0.0,16,0.9839746633164697,0.5159596135097829,0.8146862785897905,0.6382843141548471
patchcore,carpet,motion,3,divide_lpres_off,16,0.8125,0.5,0.6875,0.6,16,0.9839746633164697,0.5044382667786369,0.9596215866477932,0.9492153737557752
patchcore,carpet,motion,3,divide_lpres_on,16,0.8125,0.5,0.625,0.4,16,0.9839746633164697,0.5044382667786369,0.9543417407503934,0.9382050605959826
patchcore,carpet,motion,3,identity,16,0.8125,0.5,0.5,0.0,16,0.9839746633164697,0.5044382667786369,0.5044382667786369,0.0
patchcore,carpet,motion,3,restormer_deblur,16,0.8125,0.5,0.5,0.0,16,0.9839746633164697,0.5044382667786369,0.573679282618558,0.144391575571383
patchcore,carpet,motion,3,wiener,16,0.8125,0.5,0.5,0.0,16,0.9839746633164697,0.5044382667786369,0.8380696108028667,0.6957372713166063
patchcore,carpet,motion,4,divide_lpres_off,16,0.8125,0.5,0.5,0.0,16,0.9839746633164697,0.5022365080744022,0.6252652052625991,0.2553849967029838
patchcore,carpet,motion,4,divide_lpres_on,16,0.8125,0.5,0.5,0.0,16,0.9839746633164697,0.5022365080744022,0.6228781165841369,0.250429838693416
patchcore,carpet,motion,4,identity,16,0.8125,0.5,0.5,0.0,16,0.9839746633164697,0.5022365080744022,0.5022365080744022,0.0
patchcore,carpet,motion,4,restormer_deblur,16,0.8125,0.5,0.5,0.0,16,0.9839746633164697,0.5022365080744022,0.5097071400303091,0.0155076609037808
patchcore,carpet,motion,4,wiener,16,0.8125,0.5,0.5,0.0,16,0.9839746633164697,0.5022365080744022,0.5316547457021786,0.0610668623767077
patchcore,carpet,noise,2,divide_lpres_off,16,0.8125,0.75,0.859375,1.75,16,0.9839746633164697,0.9787044862808468,0.9470104092898858,-6.013854331027299
patchcore,carpet,noise,2,divide_lpres_on,16,0.8125,0.75,0.875,2.0,16,0.9839746633164697,0.9787044862808468,0.9503948069091904,-5.371675217037691
patchcore,carpet,noise,2,identity,16,0.8125,0.75,0.75,0.0,16,0.9839746633164697,0.9787044862808468,0.9787044862808468,0.0
patchcore,carpet,noise,2,restormer_deblur,16,0.8125,0.75,0.75,0.0,16,0.9839746633164697,0.9787044862808468,0.978713216648259,0.0016565605582741
patchcore,carpet,noise,2,wiener,16,0.8125,0.75,0.6875,-1.0,16,0.9839746633164697,0.9787044862808468,0.9459357407884976,-6.217769397660569
patchcore,carpet,noise,3,divide_lpres_off,16,0.8125,0.5,0.8125,1.0,16,0.9839746633164697,0.9660165638664466,0.905683306787602,-3.3596682793048998
patchcore,carpet,noise,3,divide_lpres_on,16,0.8125,0.5,0.5,0.0,16,0.9839746633164697,0.9660165638664466,0.9137045727600692,-2.913002639948665
patchcore,carpet,noise,3,identity,16,0.8125,0.5,0.5,0.0,16,0.9839746633164697,0.9660165638664466,0.9660165638664466,0.0
patchcore,carpet,noise,3,restormer_deblur,16,0.8125,0.5,0.5,0.0,16,0.9839746633164697,0.9660165638664466,0.966150735045705,0.0074713462653327
patchcore,carpet,noise,3,wiener,16,0.8125,0.5,0.5,0.0,16,0.9839746633164697,0.9660165638664466,0.9044756015140318,-3.426919564828241
patchcore,carpet,noise,4,divide_lpres_off,16,0.8125,0.5,0.5625,0.2,16,0.9839746633164697,0.9149504338844968,0.9655042137783436,0.7324062913830929
patchcore,carpet,noise,4,divide_lpres_on,16,0.8125,0.5,0.5,0.0,16,0.9839746633164697,0.9149504338844968,0.9484936226336048,0.4859625239593081
patchcore,carpet,noise,4,identity,16,0.8125,0.5,0.5,0.0,16,0.9839746633164697,0.9149504338844968,0.9149504338844968,0.0
patchcore,carpet,noise,4,restormer_deblur,16,0.8125,0.5,0.5,0.0,16,0.9839746633164697,0.9149504338844968,0.9149504338844968,0.0
patchcore,carpet,noise,4,wiener,16,0.8125,0.5,0.5,0.0,16,0.9839746633164697,0.9149504338844968,0.9129847397978624,-0.028478319900285
patchcore,screw,defocus,2,divide_lpres_off,16,0.53125,0.6171875,0.6875,-0.8181818181818182,16,0.9365443546550852,0.9375803217465982,0.954196501515789,-16.039293048316576
patchcore,screw,defocus,2,divide_lpres_on,16,0.53125,0.6171875,0.671875,-0.6363636363636364,16,0.9365443546550852,0.9375803217465982,0.94925654056966,-11.270839507081028
patchcore,screw,defocus,2,identity,16,0.53125,0.6171875,0.6171875,-0.0,16,0.9365443546550852,0.9375803217465982,0.9375803217465982,-0.0
patchcore,screw,defocus,2,restormer_deblur,16,0.53125,0.6171875,0.59375,0.2727272727272727,16,0.9365443546550852,0.9375803217465982,0.9403970036459356,-2.718891287582601
patchcore,screw,defocus,2,wiener,16,0.53125,0.6171875,0.625,-0.09090909090909091,16,0.9365443546550852,0.9375803217465982,0.9386904080100896,-1.071545874946818
patchcore,screw,defocus,3,divide_lpres_off,16,0.53125,0.5,0.6640625,5.25,16,0.9365443546550852,0.9294604777319708,0.9445785987860882,2.134159192516163
patchcore,screw,defocus,3,divide_lpres_on,16,0.53125,0.5,0.625,4.0,16,0.9365443546550852,0.9294604777319708,0.9341879504700692,0.6673567016209675
patchcore,screw,defocus,3,identity,16,0.53125,0.5,0.5,0.0,16,0.9365443546550852,0.9294604777319708,0.9294604777319708,0.0
patchcore,screw,defocus,3,restormer_deblur,16,0.53125,0.5,0.578125,2.5,16,0.9365443546550852,0.9294604777319708,0.9329641962510408,0.4946046574634079
patchcore,screw,defocus,3,wiener,16,0.53125,0.5,0.609375,3.5,16,0.9365443546550852,0.9294604777319708,0.9202333995412726,-1.3025463726777984
patchcore,screw,defocus,4,divide_lpres_off,16,0.53125,0.5,0.578125,2.5,16,0.9365443546550852,0.9364560814288924,0.9420252917561092,63.090594593909344
patchcore,screw,defocus,4,divide_lpres_on,16,0.53125,0.5,0.5703125,2.25,16,0.9365443546550852,0.9364560814288924,0.9406601004077444,47.62507455745478
patchcore,screw,defocus,4,identity,16,0.53125,0.5,0.5,0.0,16,0.9365443546550852,0.9364560814288924,0.9364560814288924,0.0
patchcore,screw,defocus,4,restormer_deblur,16,0.53125,0.5,0.640625,4.5,16,0.9365443546550852,0.9364560814288924,0.9248695258297552,-131.25786944560986
patchcore,screw,defocus,4,wiener,16,0.53125,0.5,0.625,4.0,16,0.9365443546550852,0.9364560814288924,0.8993550962959729,-420.29714708682206
patchcore,screw,mixed,2,divide_lpres_off,16,0.53125,0.578125,0.5625,0.3333333333333333,16,0.9365443546550852,0.9224270640986918,0.8554266016090775,-4.745985939863773
patchcore,screw,mixed,2,divide_lpres_on,16,0.53125,0.578125,0.53125,1.0,16,0.9365443546550852,0.9224270640986918,0.898935625329358,-1.6640189330590196
patchcore,screw,mixed,2,identity,16,0.53125,0.578125,0.578125,-0.0,16,0.9365443546550852,0.9224270640986918,0.9224270640986918,0.0
patchcore,screw,mixed,2,restormer_deblur,16,0.53125,0.578125,0.578125,-0.0,16,0.9365443546550852,0.9224270640986918,0.9244327768241248,0.1420749057633236
patchcore,screw,mixed,2,wiener,16,0.53125,0.578125,0.578125,-0.0,16,0.9365443546550852,0.9224270640986918,0.9080599678912792,-1.0176950137862082
patchcore,screw,mixed,3,divide_lpres_off,16,0.53125,0.625,0.6875,-0.6666666666666666,16,0.9365443546550852,0.8951165841507978,0.8150584843192674,-1.932474252343488
patchcore,screw,mixed,3,divide_lpres_on,16,0.53125,0.625,0.5625,0.6666666666666666,16,0.9365443546550852,0.8951165841507978,0.8500778066350752,-1.087163923317127
patchcore,screw,mixed,3,identity,16,0.53125,0.625,0.625,-0.0,16,0.9365443546550852,0.8951165841507978,0.8951165841507978,0.0
patchcore,screw,mixed,3,restormer_deblur,16,0.53125,0.625,0.625,-0.0,16,0.9365443546550852,0.8951165841507978,0.8948604921891353,-0.0061816496167933
patchcore,screw,mixed,3,wiener,16,0.53125,0.625,0.5625,0.6666666666666666,16,0.9365443546550852,0.8951165841507978,0.8731341933948439,-0.5306196903277456
patchcore,screw,mixed,4,divide_lpres_off,16,0.53125,0.625,0.4921875,1.4166666666666667,16,0.9365443546550852,0.8766582982773052,0.7844590480620622,-1.5395779216721408
patchcore,screw,mixed,4,divide_lpres_on,16,0.53125,0.625,0.625,-0.0,16,0.9365443546550852,0.8766582982773052,0.875015674127977,-0.027429158783909
patchcore,screw,mixed,4,identity,16,0.53125,0.625,0.625,-0.0,16,0.9365443546550852,0.8766582982773052,0.8766582982773052,0.0
patchcore,screw,mixed,4,restormer_deblur,16,0.53125,0.625,0.625,-0.0,16,0.9365443546550852,0.8766582982773052,0.8700604712681035,-0.1101730086813632
patchcore,screw,mixed,4,wiener,16,0.53125,0.625,0.625,-0.0,16,0.9365443546550852,0.8766582982773052,0.8704684310122441,-0.1033607427080102
patchcore,screw,motion,2,divide_lpres_off,16,0.53125,0.6953125,0.5703125,0.7619047619047619,16,0.9365443546550852,0.9476203598752404,0.9536767090559292,-0.546799054379976
patchcore,screw,motion,2,divide_lpres_on,16,0.53125,0.6953125,0.65625,0.23809523809523808,16,0.9365443546550852,0.9476203598752404,0.9400863091820784,0.6802137181600717
patchcore,screw,motion,2,identity,16,0.53125,0.6953125,0.6953125,-0.0,16,0.9365443546550852,0.9476203598752404,0.9476203598752404,-0.0
patchcore,screw,motion,2,restormer_deblur,16,0.53125,0.6953125,0.578125,0.7142857142857143,16,0.9365443546550852,0.9476203598752404,0.9269402814307888,1.8671062385217725
patchcore,screw,motion,2,wiener,16,0.53125,0.6953125,0.546875,0.9047619047619048,16,0.9365443546550852,0.9476203598752404,0.9435405539881752,0.3683463311881689
patchcore,screw,motion,3,divide_lpres_off,16,0.53125,0.625,0.625,-0.0,16,0.9365443546550852,0.9452406483875438,0.8894050383798597,6.420621442359854
patchcore,screw,motion,3,divide_lpres_on,16,0.53125,0.625,0.609375,0.16666666666666666,16,0.9365443546550852,0.9452406483875438,0.8536371004927475,10.533630844699744
patchcore,screw,motion,3,identity,16,0.53125,0.625,0.625,-0.0,16,0.9365443546550852,0.9452406483875438,0.9452406483875438,-0.0
patchcore,screw,motion,3,restormer_deblur,16,0.53125,0.625,0.5390625,0.9166666666666666,16,0.9365443546550852,0.9452406483875438,0.8972039754434101,5.523809846123054
patchcore,screw,motion,3,wiener,16,0.53125,0.625,0.609375,0.16666666666666666,16,0.9365443546550852,0.9452406483875438,0.8839016166884873,7.053468245916065
patchcore,screw,motion,4,divide_lpres_off,16,0.53125,0.5,0.5625,2.0,16,0.9365443546550852,0.9494283473133848,0.8053345073201614,11.18394303806122
patchcore,screw,motion,4,divide_lpres_on,16,0.53125,0.5,0.5625,2.0,16,0.9365443546550852,0.9494283473133848,0.7655831275418021,14.269273869319631
patchcore,screw,motion,4,identity,16,0.53125,0.5,0.5,0.0,16,0.9365443546550852,0.9494283473133848,0.9494283473133848,-0.0
patchcore,screw,motion,4,restormer_deblur,16,0.53125,0.5,0.3828125,-3.75,16,0.9365443546550852,0.9494283473133848,0.8294049689771757,9.31569751080936
patchcore,screw,motion,4,wiener,16,0.53125,0.5,0.3125,-6.0,16,0.9365443546550852,0.9494283473133848,0.7870808510913774,12.600713189433916
patchcore,screw,noise,2,divide_lpres_off,16,0.53125,0.5625,0.703125,-4.5,16,0.9365443546550852,0.9267275537262568,0.9336711305208988,0.7073156362223113
patchcore,screw,noise,2,divide_lpres_on,16,0.53125,0.5625,0.640625,-2.5,16,0.9365443546550852,0.9267275537262568,0.920979439512662,-0.5855384310294822
patchcore,screw,noise,2,identity,16,0.53125,0.5625,0.5625,-0.0,16,0.9365443546550852,0.9267275537262568,0.9267275537262568,0.0
patchcore,screw,noise,2,restormer_deblur,16,0.53125,0.5625,0.5625,-0.0,16,0.9365443546550852,0.9267275537262568,0.9267275537262568,0.0
patchcore,screw,noise,2,wiener,16,0.53125,0.5625,0.59375,-1.0,16,0.9365443546550852,0.9267275537262568,0.9296362311728296,0.2962958572411459
patchcore,screw,noise,3,divide_lpres_off,16,0.53125,0.609375,0.75,-1.8,16,0.9365443546550852,0.911460529570138,0.9267279239063054,0.6086549513267572
patchcore,screw,noise,3,divide_lpres_on,16,0.53125,0.609375,0.6875,-1.0,16,0.9365443546550852,0.911460529570138,0.9125663958890784,0.0440868294686009
patchcore,screw,noise,3,identity,16,0.53125,0.609375,0.609375,-0.0,16,0.9365443546550852,0.911460529570138,0.911460529570138,0.0
patchcore,screw,noise,3,restormer_deblur,16,0.53125,0.609375,0.609375,-0.0,16,0.9365443546550852,0.911460529570138,0.911460529570138,0.0
patchcore,screw,noise,3,wiener,16,0.53125,0.609375,0.640625,-0.4,16,0.9365443546550852,0.911460529570138,0.9192912983377658,0.3121839967033966
patchcore,screw,noise,4,divide_lpres_off,16,0.53125,0.65625,0.7109375,-0.4375,16,0.9365443546550852,0.8925758710726839,0.9161955263324776,0.5371951301328837
patchcore,screw,noise,4,divide_lpres_on,16,0.53125,0.65625,0.640625,0.125,16,0.9365443546550852,0.8925758710726839,0.8978012254458689,0.118843179192028
patchcore,screw,noise,4,identity,16,0.53125,0.65625,0.65625,-0.0,16,0.9365443546550852,0.8925758710726839,0.8925758710726839,0.0
patchcore,screw,noise,4,restormer_deblur,16,0.53125,0.65625,0.65625,-0.0,16,0.9365443546550852,0.8925758710726839,0.8925758710726839,0.0
patchcore,screw,noise,4,wiener,16,0.53125,0.65625,0.640625,0.125,16,0.9365443546550852,0.8925758710726839,0.9003155655580839,0.1760282332888527
